/* All default user images are from the following source.
<div>Icons made by <a href="http://www.freepik.com"
title="Freepik">Freepik</a> from
<a href="https://www.flaticon.com/"
title="Flaticon">www.flaticon.com</a> is licensed by
<a href="http://creativecommons.org/licenses/by/3.0/"
title="Creative Commons BY 3.0" target="_blank">CC 3.0 BY</a></div>
*/


/*Insert into student table*/
INSERT
INTO
    `trainly`.`student`(
        Firstname,
        Lastname,
        Email,
        Saltnum,
        HASH,
        Street,
        City,
        Postalcode,
        Country,
        Profilepic
    )
VALUES(
    "Emma",
    "Williams",
    "emwil@gmail.com",
    17,
    "41d00883923d6bb950981a98a610625734e7c8ab",
    "123 6th St.",
    "Melbourne",
    "32904",
    "USA",
    "PD94bWwgdmVyc2lvbj0iMS4wIiBlbmNvZGluZz0iaXNvLTg4NTktMSI/Pg0KPCEtLSBHZW5lcmF0
b3I6IEFkb2JlIElsbHVzdHJhdG9yIDE4LjAuMCwgU1ZHIEV4cG9ydCBQbHVnLUluIC4gU1ZHIFZl
cnNpb246IDYuMDAgQnVpbGQgMCkgIC0tPg0KPCFET0NUWVBFIHN2ZyBQVUJMSUMgIi0vL1czQy8v
RFREIFNWRyAxLjEvL0VOIiAiaHR0cDovL3d3dy53My5vcmcvR3JhcGhpY3MvU1ZHLzEuMS9EVEQv
c3ZnMTEuZHRkIj4NCjxzdmcgdmVyc2lvbj0iMS4xIiBpZD0iQ2FwYV8xIiB4bWxucz0iaHR0cDov
L3d3dy53My5vcmcvMjAwMC9zdmciIHhtbG5zOnhsaW5rPSJodHRwOi8vd3d3LnczLm9yZy8xOTk5
L3hsaW5rIiB4PSIwcHgiIHk9IjBweCINCgkgdmlld0JveD0iMCAwIDI5Ny4xNjUgMjk3LjE2NSIg
c3R5bGU9ImVuYWJsZS1iYWNrZ3JvdW5kOm5ldyAwIDAgMjk3LjE2NSAyOTcuMTY1OyIgeG1sOnNw
YWNlPSJwcmVzZXJ2ZSI+DQo8Zz4NCgk8cGF0aCBkPSJNMjE5LjEzMSwxOTIuMTU4Yy02LjMzOC0x
LjA5Ny0xMi44MzItMi43NjgtMTkuODUzLTUuMTA3bC02LjM0Mi0yLjExM2MwLjMwMS0wLjUxNCww
LjU5My0xLjAzMiwwLjg3LTEuNTU4bDEzLjgxMi0yNi4yMzINCgkJYzIuMjUzLTQuMjc5LDQuMjQ3
LTguOTM5LDUuOTQxLTEzLjg4MWM5Ljk4NC00LjMyOCwxNi41MjUtMTQuMTU4LDE2LjUyNS0yNS4y
MTljMC04LjMyOS0zLjczMy0xNi4xMDItMTAuMTEyLTIxLjMwMg0KCQljMC4wODYtMS44MjksMC4y
NDUtNC4zOTQsMC40LTYuOTA0YzAuNzE0LTExLjUyOCwxLjIwNy0yMC42ODYsMC41MzQtMjQuNjk1
Yy0zLjAwMy0yNC4xMzItMTIuMTc4LTQxLjc4OC0yNy4yNy01Mi40NzYNCgkJQzE4MS41OTgsNC4x
NDQsMTY2LjAyLDAsMTQ2LjAxNCwwYy0yLjY1OSwwLTUuNDU1LDAuMDc0LTguMzExLDAuMjIyYy0x
My44NDgsMC43MTEtMjMuNTM3LDQuNzk5LTI4Ljc5OCwxMi4xNQ0KCQljLTIuODYxLDMuOTk3LTQu
MDQyLDguMzk4LTQuMjczLDEyLjYzN2MtMC44MTItMC4xNTktMS42MzgtMC4yNC0yLjQ3My0wLjI0
Yy01LjYyOSwwLTExLjI4NSwzLjYwNC0xNi44MTMsMTAuNzENCgkJYy0xNS40NDgsMTkuODYyLTEw
LjM4LDQ1Ljk2Ni03Ljk0NSw1OC41MTFjMC4xODYsMC45NTgsMC4zOTQsMi4wMywwLjU1OSwyLjk1
MmMtNi4yMzQsNS4xOTktOS44NzUsMTIuODgxLTkuODc1LDIxLjEwNg0KCQljMCwxMS4wNjEsNi41
NDIsMjAuODkxLDE2LjUyNiwyNS4yMTljMS42OTQsNC45NDIsMy42ODgsOS42MDIsNS45NDEsMTMu
ODhsMTMuODEyLDI2LjIzM2MwLjE4OSwwLjM1OSwwLjM4OSwwLjcxMiwwLjU4OSwxLjA2NQ0KCQls
LTYuNjczLDIuMzA3Yy02LjA5MiwyLjEtMTIuOTI3LDMuODk0LTIxLjUxMiw1LjY0N2MtMTkuNDQ1
LDMuOTc3LTMzLjU1OCwyMS4yOTEtMzMuNTU4LDQxLjE2OXY2LjgxM2MwLDIuNzYyLDIuMjM5LDUs
NSw1DQoJCWMyLjc2MSwwLDUtMi4yMzgsNS01di02LjgxM2MwLTE1LjE0OCwxMC43NS0yOC4zNDMs
MjUuNTYtMzEuMzcxYzkuMDIxLTEuODQyLDE2LjI1NS0zLjc0NiwyMi43NzMtNS45OTNsMi41MTUt
MC44NjkNCgkJYy0zLjMyMywxMi42MzItMS4xMTksMjguNTI3LDIuMDI3LDM2LjgyYzAuNzMyLDEu
OTMsMi41NzQsMy4yMTEsNC42MzgsMy4yMjdjMC4wMTIsMCwwLjAyNCwwLDAuMDM3LDANCgkJYzIu
MDQ5LDAsMy44OTItMS4yNTEsNC42NDgtMy4xNThjMy45LTkuODQzLDExLjAxMS0xNy4wNSwxNS44
NTYtMjEuMTA4bDMuMDczLDguMzg0Yy00LjY4NCwxOC4zMTktNy4wMjgsMzcuMTktNi45Niw1Ni4x
MzYNCgkJbDAuMDQ5LDExLjUyOUg1My4yMDh2LTI4YzAtMi43NjItMi4yMzktNS01LTVjLTIuNzYx
LDAtNSwyLjIzOC01LDV2MzNjMCwyLjc2MiwyLjIzOSw1LDUsNWg4NC4yNGMwLjAwNywwLDAuMDE1
LDAsMC4wMjEsMGgzMS45NjgNCgkJYzAuMDA2LDAsMC4wMTMsMCwwLjAyLDBoODQuNTAxYzIuNzYx
LDAsNS0yLjIzOCw1LTV2LTU4LjYwMUMyNTMuOTU3LDIxMy4wNTcsMjM5LjMxLDE5NS42NDMsMjE5
LjEzMSwxOTIuMTU4eiBNMjE3LjQyNywyMDIuMDEyDQoJCWMxNS4zNzMsMi42NTUsMjYuNTMsMTUu
OTI1LDI2LjUzLDMxLjU1M3Y1My42MDFoLTc0LjUzOWwtMC4wNTEtMTMuMjEyYy0wLjA3Ny0xOC4x
NjEtMi4zNjQtMzYuMjM1LTYuNzkzLTUzLjc3Ng0KCQljMC4wMDgtMC4wMjEsMy4zMy05LjA2MSwz
LjMzLTkuMDYxYzQuODQ1LDQuMDU4LDExLjk1NiwxMS4yNjQsMTUuODU3LDIxLjEwOGMwLjc1Niwx
LjkwNywyLjU5OSwzLjE1OCw0LjY0OCwzLjE1OA0KCQljMC4wMTMsMCwwLjAyNSwwLDAuMDM3LDBj
Mi4wNjQtMC4wMTYsMy45MDYtMS4yOTcsNC42MzgtMy4yMjdjMy4xMjgtOC4yNDUsNS4zMjItMjQu
MDA0LDIuMDgyLTM2LjZsMi45NTEsMC45ODMNCgkJQzIwMy42MTgsMTk5LjAzOCwyMTAuNTg4LDIw
MC44MjgsMjE3LjQyNywyMDIuMDEyeiBNMTM3LjQyNywyODcuMTY1bC0wLjAwNy0xLjY3M2wyMS42
MzctMjEuNjM3DQoJCWMwLjE3NCwzLjM3NSwwLjI5Niw2Ljc1NCwwLjMxMSwxMC4xMzlsMC4wMTIs
My4wNThsLTEwLjExMiwxMC4xMTNIMTM3LjQyN3ogTTE4My4wMjUsMTk2LjQ2DQoJCWMxLjgxMyw1
Ljc0NywyLjA0NiwxMy4xOTIsMS4zNDksMTkuODk4Yy00LjA3Mi01LjcxMy04LjYxNi0xMC4wNzYt
MTIuMTcyLTEzLjAzM0MxNzYuMTI5LDIwMS40NjcsMTc5Ljc3NywxOTkuMTU0LDE4My4wMjUsMTk2
LjQ2eg0KCQkgTTE1NC40MTYsMjEzLjM5NWgtMTEuNjY2bC0yLjAyLTUuNTEyYzIuNzQ2LDAuNDM1
LDUuNTQsMC42NjYsOC4zNTQsMC42NjZjMi40NTMsMCw0Ljg5Mi0wLjE3Niw3LjI5Ni0wLjUwOEwx
NTQuNDE2LDIxMy4zOTV6DQoJCSBNMTQzLjY2NCwyMjMuMzk1aDkuMzgzYzAuNzE2LDIuODgxLDEu
Mzg1LDUuNzc0LDEuOTgsOC42ODNsLTE1Ljk2LDE1Ljk2QzE0MC4xMTQsMjM5Ljc0MywxNDEuNjQ4
LDIzMS41MTMsMTQzLjY2NCwyMjMuMzk1eg0KCQkgTTEzNy42OCwyNjMuNTY1bDE5LjQ0LTE5LjQ0
YzAuMzIyLDIuMjE2LDAuNjA5LDQuNDM4LDAuODYxLDYuNjY0bC0yMC41NzIsMjAuNTcyQzEzNy40
NTEsMjY4Ljc2LDEzNy41NDMsMjY2LjE2MSwxMzcuNjgsMjYzLjU2NXoNCgkJIE0yMDEuODc0LDM2
LjQ3YzEuOTk0LDMuNDc2LDMuNjgsNy4zMTUsNS4wOCwxMS41MDRjLTQuMTA4LDEuMDk4LTEwLjY0
NC0wLjIwNS0xMy43MjgtMS4yMjINCgkJYy0wLjc3NS0wLjI1Ni05LjUxNi0yLjE0NS0xNi43Mjkt
Mi40NzlDMTgxLjEyNCwzOS43ODUsMTg5LjE4NCwzNS4wMDQsMjAxLjg3NCwzNi40N3ogTTIwMy4w
NTMsNTguMzgzDQoJCWMyLjE0OSwwLDQuMzYzLTAuMjE0LDYuNDc1LTAuNzcxYzAuNTksMi44MzMs
MS4wODYsNS43ODQsMS40NjksOC44ODJjMC4wMTIsMC4wOTUsMC4wMjYsMC4xODgsMC4wNDMsMC4y
ODINCgkJYzAuNTEsMi44MDMtMC4wODksMTMuMzMzLTAuNTM4LDIwLjY0OWMtMS43MTctOS41OTYt
NC41Ni0yMC4yNjYtOS4yNjEtMjkuMDk2QzIwMS44MzksNTguMzYxLDIwMi40NDIsNTguMzgzLDIw
My4wNTMsNTguMzgzeg0KCQkgTTE5NC4yMDQsMjYuMzAzYy0xNi4wNDQsMS4xMTktMjYuMDczLDEw
LjY0OC0zMC40ODMsMTcuODk4Yy00LjkzMSwwLjEyNi05LjM4MywwLjM4NC0xMi4zMzksMC41ODYN
CgkJYzAuMDI4LTAuMTg2LDEuMTk3LTIzLjc0LDI3LjQ3OC0yOC45MjJDMTg0LjgsMTguNDYsMTg5
LjkwNSwyMS45MywxOTQuMjA0LDI2LjMwM3ogTTEzMS43MzksMzQuMzg5DQoJCWMtMC43NDYtOC45
ODUsNC4yMS0xOS44NDMsMjAuODkyLTIzLjg2M2MwLjI5Ni0wLjA3MSw2LjkxLDAuMjI4LDkuNzUz
LDAuNjc5Yy0xMi41NTMsNi45MjUtMTguMjQ4LDE4LjEyMi0yMC4xNTIsMjYuNzUyDQoJCUMxMzku
NDY4LDM2LjUyOCwxMzYuMDIsMzUuMjU3LDEzMS43MzksMzQuMzg5eiBNMTE3LjAzNywxOC4xOTFj
Mi41Mi0zLjUyMSw3LjA5Mi01LjkwNCwxMy42MjUtNy4xMjcNCgkJYy02LjQxOSw2LjM0MS05LjE3
NiwxNC4zODctOSwyMi4xOWMtMS45MzYtMC4wNjgtMy45ODgtMC4wNjQtNi4xNjMsMC4wMjFDMTE0
LjMzNCwyOC43NDUsMTEzLjc5LDIyLjcyOSwxMTcuMDM3LDE4LjE5MXoNCgkJIE05My4yNCw0MS42
MTdjNC44MDgtNi4xODEsNy44MzktNi44NDksOC45MTktNi44NDljMS42NTIsMCwzLjEyNSwxLjUw
Miw0LjA3MiwyLjc1N2MtOS44ODEsMTEuMTA4LTE1LjY4NiwzNi41MzgtMTguNzE2LDU0Ljc3Mg0K
CQljLTAuMDk4LTAuMTA3LTAuMjA4LTAuMi0wLjMxMy0wLjI5N0M4NS4wNDEsODAuODcxLDgwLjYx
MSw1Ny44NTUsOTMuMjQsNDEuNjE3eiBNOTkuNCwxNTIuNDg3DQoJCWMtMi4zMjgtNC40MTktNC4z
NTQtOS4zMTktNi4wMjUtMTQuNTY0Yy0wLjQ4OC0xLjUzMy0xLjY4NS0yLjczOC0zLjIxNi0zLjIz
NmMtNy4yMjMtMi4zNTMtMTIuMDc2LTkuMDQtMTIuMDc2LTE2LjY0DQoJCWMwLTQuMjY3LDEuNTQ4
LTguMyw0LjI3LTExLjQ0bDIuNzIsNy43NjFjMC43MDksMi4wMjIsMi42MTUsMy4zNDcsNC43MTYs
My4zNDdjMC4xOTcsMCwwLjM5Ni0wLjAxMiwwLjU5Ni0wLjAzNQ0KCQljMi4zMjgtMC4yNzgsNC4x
NS0yLjEzNyw0LjM4My00LjQ3YzEuNTk3LTE2LjAzMyw4LjI0OS01OS40MzgsMTkuODI2LTY5Ljk0
OGMwLjIsMC4wMTQsMC4zOTcsMC4wNDEsMC42MDIsMC4wMw0KCQljMjIuNDY2LTEuMDY5LDI3Ljg1
Myw3LjgzNywyOC4zMDQsOC42NjdjMC43NDMsMi4xNjIsMi43NjQsMy4yNzUsNS4wNjMsMy4wNjlj
MTcuODItMS41NjMsMzYuMDYyLTEuMDM3LDM5LjI1NCwxLjExOA0KCQljMTQuNjU4LDE2LjkwOCwx
NS4zMDQsNTYuODkxLDE1LjMwOSw1Ny4yOTRjMC4wMjksMi40NjksMS44NTcsNC41NDgsNC4zMDMs
NC44OTJjMC4yMzUsMC4wMzMsMC40NjksMC4wNDksMC43LDAuMDQ5DQoJCWMyLjE3OCwwLDQuMTQ0
LTEuNDI0LDQuNzg1LTMuNTYzYzAuMDYyLTAuMjA1LDEuMDktMy42NDcsMi4zOTUtOC43NzJjMy4w
MzYsMy4yMTIsNC43NzQsNy40NzYsNC43NzQsMTIuMDAxDQoJCWMwLDcuNi00Ljg1MywxNC4yODct
MTIuMDc1LDE2LjY0Yy0xLjUzMSwwLjQ5OC0yLjcyOCwxLjcwMy0zLjIxNiwzLjIzNmMtMS42Nyw1
LjI0NC0zLjY5NywxMC4xNDUtNi4wMjQsMTQuNTY0bC0xMy44MTIsMjYuMjMzDQoJCWMtNi4xNDYs
MTEuNjczLTIwLjg5OCwxOS44MjYtMzUuODczLDE5LjgyNnMtMjkuNzI3LTguMTUzLTM1Ljg3My0x
OS44MjZMOTkuNCwxNTIuNDg3eiBNMTEyLjc5NiwyMTYuMzU4DQoJCWMtMC43MjUtNi45NjQtMC40
NDMtMTQuNzI0LDEuNTY4LTIwLjU1M2MzLjI2NywyLjgyOSw2Ljk3Miw1LjI1OSwxMC45NzQsNy4y
MThDMTIxLjczLDIwNS45ODEsMTE3LjAxMywyMTAuNDQxLDExMi43OTYsMjE2LjM1OHoiDQoJCS8+
DQoJPHBhdGggZD0iTTE3OC40NTksMjc2LjcxNWMwLDIuNzYyLDIuMjM5LDUsNSw1aDE3LjM1OGMy
Ljc2MSwwLDUtMi4yMzgsNS01YzAtMi43NjItMi4yMzktNS01LTVoLTE3LjM1OA0KCQlDMTgwLjY5
OCwyNzEuNzE1LDE3OC40NTksMjczLjk1MywxNzguNDU5LDI3Ni43MTV6Ii8+DQoJPHBhdGggZD0i
TTIxNi40NTksMjgxLjcxNWg5YzIuNzYxLDAsNS0yLjIzOCw1LTVjMC0yLjc2Mi0yLjIzOS01LTUt
NWgtOWMtMi43NjEsMC01LDIuMjM4LTUsNQ0KCQlDMjExLjQ1OSwyNzkuNDc3LDIxMy42OTgsMjgx
LjcxNSwyMTYuNDU5LDI4MS43MTV6Ii8+DQo8L2c+DQo8Zz4NCjwvZz4NCjxnPg0KPC9nPg0KPGc+
DQo8L2c+DQo8Zz4NCjwvZz4NCjxnPg0KPC9nPg0KPGc+DQo8L2c+DQo8Zz4NCjwvZz4NCjxnPg0K
PC9nPg0KPGc+DQo8L2c+DQo8Zz4NCjwvZz4NCjxnPg0KPC9nPg0KPGc+DQo8L2c+DQo8Zz4NCjwv
Zz4NCjxnPg0KPC9nPg0KPGc+DQo8L2c+DQo8L3N2Zz4NCg=="
),(
    "Brittny",
    "Messmann",
    "brimes@gmail.com",
    55,
    "ea3d8276d6199d4d9bcd04a79e48d133e0ee67ff",
    "71 Pilgrim Avenue",
    "Chevy Chase",
    "20815",
    "USA",
    "PD94bWwgdmVyc2lvbj0iMS4wIiBlbmNvZGluZz0iaXNvLTg4NTktMSI/Pg0KPCEtLSBHZW5lcmF0
b3I6IEFkb2JlIElsbHVzdHJhdG9yIDE4LjAuMCwgU1ZHIEV4cG9ydCBQbHVnLUluIC4gU1ZHIFZl
cnNpb246IDYuMDAgQnVpbGQgMCkgIC0tPg0KPCFET0NUWVBFIHN2ZyBQVUJMSUMgIi0vL1czQy8v
RFREIFNWRyAxLjEvL0VOIiAiaHR0cDovL3d3dy53My5vcmcvR3JhcGhpY3MvU1ZHLzEuMS9EVEQv
c3ZnMTEuZHRkIj4NCjxzdmcgdmVyc2lvbj0iMS4xIiBpZD0iQ2FwYV8xIiB4bWxucz0iaHR0cDov
L3d3dy53My5vcmcvMjAwMC9zdmciIHhtbG5zOnhsaW5rPSJodHRwOi8vd3d3LnczLm9yZy8xOTk5
L3hsaW5rIiB4PSIwcHgiIHk9IjBweCINCgkgdmlld0JveD0iMCAwIDI5Ny4xNjUgMjk3LjE2NSIg
c3R5bGU9ImVuYWJsZS1iYWNrZ3JvdW5kOm5ldyAwIDAgMjk3LjE2NSAyOTcuMTY1OyIgeG1sOnNw
YWNlPSJwcmVzZXJ2ZSI+DQo8Zz4NCgk8cGF0aCBkPSJNMjE5LjEzMSwxOTIuMTU4Yy02LjMzOC0x
LjA5Ny0xMi44MzItMi43NjgtMTkuODUzLTUuMTA3bC02LjM0Mi0yLjExM2MwLjMwMS0wLjUxNCww
LjU5My0xLjAzMiwwLjg3LTEuNTU4bDEzLjgxMi0yNi4yMzINCgkJYzIuMjUzLTQuMjc5LDQuMjQ3
LTguOTM5LDUuOTQxLTEzLjg4MWM5Ljk4NC00LjMyOCwxNi41MjUtMTQuMTU4LDE2LjUyNS0yNS4y
MTljMC04LjMyOS0zLjczMy0xNi4xMDItMTAuMTEyLTIxLjMwMg0KCQljMC4wODYtMS44MjksMC4y
NDUtNC4zOTQsMC40LTYuOTA0YzAuNzE0LTExLjUyOCwxLjIwNy0yMC42ODYsMC41MzQtMjQuNjk1
Yy0zLjAwMy0yNC4xMzItMTIuMTc4LTQxLjc4OC0yNy4yNy01Mi40NzYNCgkJQzE4MS41OTgsNC4x
NDQsMTY2LjAyLDAsMTQ2LjAxNCwwYy0yLjY1OSwwLTUuNDU1LDAuMDc0LTguMzExLDAuMjIyYy0x
My44NDgsMC43MTEtMjMuNTM3LDQuNzk5LTI4Ljc5OCwxMi4xNQ0KCQljLTIuODYxLDMuOTk3LTQu
MDQyLDguMzk4LTQuMjczLDEyLjYzN2MtMC44MTItMC4xNTktMS42MzgtMC4yNC0yLjQ3My0wLjI0
Yy01LjYyOSwwLTExLjI4NSwzLjYwNC0xNi44MTMsMTAuNzENCgkJYy0xNS40NDgsMTkuODYyLTEw
LjM4LDQ1Ljk2Ni03Ljk0NSw1OC41MTFjMC4xODYsMC45NTgsMC4zOTQsMi4wMywwLjU1OSwyLjk1
MmMtNi4yMzQsNS4xOTktOS44NzUsMTIuODgxLTkuODc1LDIxLjEwNg0KCQljMCwxMS4wNjEsNi41
NDIsMjAuODkxLDE2LjUyNiwyNS4yMTljMS42OTQsNC45NDIsMy42ODgsOS42MDIsNS45NDEsMTMu
ODhsMTMuODEyLDI2LjIzM2MwLjE4OSwwLjM1OSwwLjM4OSwwLjcxMiwwLjU4OSwxLjA2NQ0KCQls
LTYuNjczLDIuMzA3Yy02LjA5MiwyLjEtMTIuOTI3LDMuODk0LTIxLjUxMiw1LjY0N2MtMTkuNDQ1
LDMuOTc3LTMzLjU1OCwyMS4yOTEtMzMuNTU4LDQxLjE2OXY2LjgxM2MwLDIuNzYyLDIuMjM5LDUs
NSw1DQoJCWMyLjc2MSwwLDUtMi4yMzgsNS01di02LjgxM2MwLTE1LjE0OCwxMC43NS0yOC4zNDMs
MjUuNTYtMzEuMzcxYzkuMDIxLTEuODQyLDE2LjI1NS0zLjc0NiwyMi43NzMtNS45OTNsMi41MTUt
MC44NjkNCgkJYy0zLjMyMywxMi42MzItMS4xMTksMjguNTI3LDIuMDI3LDM2LjgyYzAuNzMyLDEu
OTMsMi41NzQsMy4yMTEsNC42MzgsMy4yMjdjMC4wMTIsMCwwLjAyNCwwLDAuMDM3LDANCgkJYzIu
MDQ5LDAsMy44OTItMS4yNTEsNC42NDgtMy4xNThjMy45LTkuODQzLDExLjAxMS0xNy4wNSwxNS44
NTYtMjEuMTA4bDMuMDczLDguMzg0Yy00LjY4NCwxOC4zMTktNy4wMjgsMzcuMTktNi45Niw1Ni4x
MzYNCgkJbDAuMDQ5LDExLjUyOUg1My4yMDh2LTI4YzAtMi43NjItMi4yMzktNS01LTVjLTIuNzYx
LDAtNSwyLjIzOC01LDV2MzNjMCwyLjc2MiwyLjIzOSw1LDUsNWg4NC4yNGMwLjAwNywwLDAuMDE1
LDAsMC4wMjEsMGgzMS45NjgNCgkJYzAuMDA2LDAsMC4wMTMsMCwwLjAyLDBoODQuNTAxYzIuNzYx
LDAsNS0yLjIzOCw1LTV2LTU4LjYwMUMyNTMuOTU3LDIxMy4wNTcsMjM5LjMxLDE5NS42NDMsMjE5
LjEzMSwxOTIuMTU4eiBNMjE3LjQyNywyMDIuMDEyDQoJCWMxNS4zNzMsMi42NTUsMjYuNTMsMTUu
OTI1LDI2LjUzLDMxLjU1M3Y1My42MDFoLTc0LjUzOWwtMC4wNTEtMTMuMjEyYy0wLjA3Ny0xOC4x
NjEtMi4zNjQtMzYuMjM1LTYuNzkzLTUzLjc3Ng0KCQljMC4wMDgtMC4wMjEsMy4zMy05LjA2MSwz
LjMzLTkuMDYxYzQuODQ1LDQuMDU4LDExLjk1NiwxMS4yNjQsMTUuODU3LDIxLjEwOGMwLjc1Niwx
LjkwNywyLjU5OSwzLjE1OCw0LjY0OCwzLjE1OA0KCQljMC4wMTMsMCwwLjAyNSwwLDAuMDM3LDBj
Mi4wNjQtMC4wMTYsMy45MDYtMS4yOTcsNC42MzgtMy4yMjdjMy4xMjgtOC4yNDUsNS4zMjItMjQu
MDA0LDIuMDgyLTM2LjZsMi45NTEsMC45ODMNCgkJQzIwMy42MTgsMTk5LjAzOCwyMTAuNTg4LDIw
MC44MjgsMjE3LjQyNywyMDIuMDEyeiBNMTM3LjQyNywyODcuMTY1bC0wLjAwNy0xLjY3M2wyMS42
MzctMjEuNjM3DQoJCWMwLjE3NCwzLjM3NSwwLjI5Niw2Ljc1NCwwLjMxMSwxMC4xMzlsMC4wMTIs
My4wNThsLTEwLjExMiwxMC4xMTNIMTM3LjQyN3ogTTE4My4wMjUsMTk2LjQ2DQoJCWMxLjgxMyw1
Ljc0NywyLjA0NiwxMy4xOTIsMS4zNDksMTkuODk4Yy00LjA3Mi01LjcxMy04LjYxNi0xMC4wNzYt
MTIuMTcyLTEzLjAzM0MxNzYuMTI5LDIwMS40NjcsMTc5Ljc3NywxOTkuMTU0LDE4My4wMjUsMTk2
LjQ2eg0KCQkgTTE1NC40MTYsMjEzLjM5NWgtMTEuNjY2bC0yLjAyLTUuNTEyYzIuNzQ2LDAuNDM1
LDUuNTQsMC42NjYsOC4zNTQsMC42NjZjMi40NTMsMCw0Ljg5Mi0wLjE3Niw3LjI5Ni0wLjUwOEwx
NTQuNDE2LDIxMy4zOTV6DQoJCSBNMTQzLjY2NCwyMjMuMzk1aDkuMzgzYzAuNzE2LDIuODgxLDEu
Mzg1LDUuNzc0LDEuOTgsOC42ODNsLTE1Ljk2LDE1Ljk2QzE0MC4xMTQsMjM5Ljc0MywxNDEuNjQ4
LDIzMS41MTMsMTQzLjY2NCwyMjMuMzk1eg0KCQkgTTEzNy42OCwyNjMuNTY1bDE5LjQ0LTE5LjQ0
YzAuMzIyLDIuMjE2LDAuNjA5LDQuNDM4LDAuODYxLDYuNjY0bC0yMC41NzIsMjAuNTcyQzEzNy40
NTEsMjY4Ljc2LDEzNy41NDMsMjY2LjE2MSwxMzcuNjgsMjYzLjU2NXoNCgkJIE0yMDEuODc0LDM2
LjQ3YzEuOTk0LDMuNDc2LDMuNjgsNy4zMTUsNS4wOCwxMS41MDRjLTQuMTA4LDEuMDk4LTEwLjY0
NC0wLjIwNS0xMy43MjgtMS4yMjINCgkJYy0wLjc3NS0wLjI1Ni05LjUxNi0yLjE0NS0xNi43Mjkt
Mi40NzlDMTgxLjEyNCwzOS43ODUsMTg5LjE4NCwzNS4wMDQsMjAxLjg3NCwzNi40N3ogTTIwMy4w
NTMsNTguMzgzDQoJCWMyLjE0OSwwLDQuMzYzLTAuMjE0LDYuNDc1LTAuNzcxYzAuNTksMi44MzMs
MS4wODYsNS43ODQsMS40NjksOC44ODJjMC4wMTIsMC4wOTUsMC4wMjYsMC4xODgsMC4wNDMsMC4y
ODINCgkJYzAuNTEsMi44MDMtMC4wODksMTMuMzMzLTAuNTM4LDIwLjY0OWMtMS43MTctOS41OTYt
NC41Ni0yMC4yNjYtOS4yNjEtMjkuMDk2QzIwMS44MzksNTguMzYxLDIwMi40NDIsNTguMzgzLDIw
My4wNTMsNTguMzgzeg0KCQkgTTE5NC4yMDQsMjYuMzAzYy0xNi4wNDQsMS4xMTktMjYuMDczLDEw
LjY0OC0zMC40ODMsMTcuODk4Yy00LjkzMSwwLjEyNi05LjM4MywwLjM4NC0xMi4zMzksMC41ODYN
CgkJYzAuMDI4LTAuMTg2LDEuMTk3LTIzLjc0LDI3LjQ3OC0yOC45MjJDMTg0LjgsMTguNDYsMTg5
LjkwNSwyMS45MywxOTQuMjA0LDI2LjMwM3ogTTEzMS43MzksMzQuMzg5DQoJCWMtMC43NDYtOC45
ODUsNC4yMS0xOS44NDMsMjAuODkyLTIzLjg2M2MwLjI5Ni0wLjA3MSw2LjkxLDAuMjI4LDkuNzUz
LDAuNjc5Yy0xMi41NTMsNi45MjUtMTguMjQ4LDE4LjEyMi0yMC4xNTIsMjYuNzUyDQoJCUMxMzku
NDY4LDM2LjUyOCwxMzYuMDIsMzUuMjU3LDEzMS43MzksMzQuMzg5eiBNMTE3LjAzNywxOC4xOTFj
Mi41Mi0zLjUyMSw3LjA5Mi01LjkwNCwxMy42MjUtNy4xMjcNCgkJYy02LjQxOSw2LjM0MS05LjE3
NiwxNC4zODctOSwyMi4xOWMtMS45MzYtMC4wNjgtMy45ODgtMC4wNjQtNi4xNjMsMC4wMjFDMTE0
LjMzNCwyOC43NDUsMTEzLjc5LDIyLjcyOSwxMTcuMDM3LDE4LjE5MXoNCgkJIE05My4yNCw0MS42
MTdjNC44MDgtNi4xODEsNy44MzktNi44NDksOC45MTktNi44NDljMS42NTIsMCwzLjEyNSwxLjUw
Miw0LjA3MiwyLjc1N2MtOS44ODEsMTEuMTA4LTE1LjY4NiwzNi41MzgtMTguNzE2LDU0Ljc3Mg0K
CQljLTAuMDk4LTAuMTA3LTAuMjA4LTAuMi0wLjMxMy0wLjI5N0M4NS4wNDEsODAuODcxLDgwLjYx
MSw1Ny44NTUsOTMuMjQsNDEuNjE3eiBNOTkuNCwxNTIuNDg3DQoJCWMtMi4zMjgtNC40MTktNC4z
NTQtOS4zMTktNi4wMjUtMTQuNTY0Yy0wLjQ4OC0xLjUzMy0xLjY4NS0yLjczOC0zLjIxNi0zLjIz
NmMtNy4yMjMtMi4zNTMtMTIuMDc2LTkuMDQtMTIuMDc2LTE2LjY0DQoJCWMwLTQuMjY3LDEuNTQ4
LTguMyw0LjI3LTExLjQ0bDIuNzIsNy43NjFjMC43MDksMi4wMjIsMi42MTUsMy4zNDcsNC43MTYs
My4zNDdjMC4xOTcsMCwwLjM5Ni0wLjAxMiwwLjU5Ni0wLjAzNQ0KCQljMi4zMjgtMC4yNzgsNC4x
NS0yLjEzNyw0LjM4My00LjQ3YzEuNTk3LTE2LjAzMyw4LjI0OS01OS40MzgsMTkuODI2LTY5Ljk0
OGMwLjIsMC4wMTQsMC4zOTcsMC4wNDEsMC42MDIsMC4wMw0KCQljMjIuNDY2LTEuMDY5LDI3Ljg1
Myw3LjgzNywyOC4zMDQsOC42NjdjMC43NDMsMi4xNjIsMi43NjQsMy4yNzUsNS4wNjMsMy4wNjlj
MTcuODItMS41NjMsMzYuMDYyLTEuMDM3LDM5LjI1NCwxLjExOA0KCQljMTQuNjU4LDE2LjkwOCwx
NS4zMDQsNTYuODkxLDE1LjMwOSw1Ny4yOTRjMC4wMjksMi40NjksMS44NTcsNC41NDgsNC4zMDMs
NC44OTJjMC4yMzUsMC4wMzMsMC40NjksMC4wNDksMC43LDAuMDQ5DQoJCWMyLjE3OCwwLDQuMTQ0
LTEuNDI0LDQuNzg1LTMuNTYzYzAuMDYyLTAuMjA1LDEuMDktMy42NDcsMi4zOTUtOC43NzJjMy4w
MzYsMy4yMTIsNC43NzQsNy40NzYsNC43NzQsMTIuMDAxDQoJCWMwLDcuNi00Ljg1MywxNC4yODct
MTIuMDc1LDE2LjY0Yy0xLjUzMSwwLjQ5OC0yLjcyOCwxLjcwMy0zLjIxNiwzLjIzNmMtMS42Nyw1
LjI0NC0zLjY5NywxMC4xNDUtNi4wMjQsMTQuNTY0bC0xMy44MTIsMjYuMjMzDQoJCWMtNi4xNDYs
MTEuNjczLTIwLjg5OCwxOS44MjYtMzUuODczLDE5LjgyNnMtMjkuNzI3LTguMTUzLTM1Ljg3My0x
OS44MjZMOTkuNCwxNTIuNDg3eiBNMTEyLjc5NiwyMTYuMzU4DQoJCWMtMC43MjUtNi45NjQtMC40
NDMtMTQuNzI0LDEuNTY4LTIwLjU1M2MzLjI2NywyLjgyOSw2Ljk3Miw1LjI1OSwxMC45NzQsNy4y
MThDMTIxLjczLDIwNS45ODEsMTE3LjAxMywyMTAuNDQxLDExMi43OTYsMjE2LjM1OHoiDQoJCS8+
DQoJPHBhdGggZD0iTTE3OC40NTksMjc2LjcxNWMwLDIuNzYyLDIuMjM5LDUsNSw1aDE3LjM1OGMy
Ljc2MSwwLDUtMi4yMzgsNS01YzAtMi43NjItMi4yMzktNS01LTVoLTE3LjM1OA0KCQlDMTgwLjY5
OCwyNzEuNzE1LDE3OC40NTksMjczLjk1MywxNzguNDU5LDI3Ni43MTV6Ii8+DQoJPHBhdGggZD0i
TTIxNi40NTksMjgxLjcxNWg5YzIuNzYxLDAsNS0yLjIzOCw1LTVjMC0yLjc2Mi0yLjIzOS01LTUt
NWgtOWMtMi43NjEsMC01LDIuMjM4LTUsNQ0KCQlDMjExLjQ1OSwyNzkuNDc3LDIxMy42OTgsMjgx
LjcxNSwyMTYuNDU5LDI4MS43MTV6Ii8+DQo8L2c+DQo8Zz4NCjwvZz4NCjxnPg0KPC9nPg0KPGc+
DQo8L2c+DQo8Zz4NCjwvZz4NCjxnPg0KPC9nPg0KPGc+DQo8L2c+DQo8Zz4NCjwvZz4NCjxnPg0K
PC9nPg0KPGc+DQo8L2c+DQo8Zz4NCjwvZz4NCjxnPg0KPC9nPg0KPGc+DQo8L2c+DQo8Zz4NCjwv
Zz4NCjxnPg0KPC9nPg0KPGc+DQo8L2c+DQo8L3N2Zz4NCg=="
),(
    "Jayda",
    "Brodeur",
    "jaybro@gmail.com",
    86,
    "386399f08c843971a4f5b8ccacf78042e9043e7f",
    "70 Bowman St.",
    "South Windsor",
    "06074",
    "USA",
    "PD94bWwgdmVyc2lvbj0iMS4wIiBlbmNvZGluZz0iaXNvLTg4NTktMSI/Pg0KPCEtLSBHZW5lcmF0
b3I6IEFkb2JlIElsbHVzdHJhdG9yIDE4LjAuMCwgU1ZHIEV4cG9ydCBQbHVnLUluIC4gU1ZHIFZl
cnNpb246IDYuMDAgQnVpbGQgMCkgIC0tPg0KPCFET0NUWVBFIHN2ZyBQVUJMSUMgIi0vL1czQy8v
RFREIFNWRyAxLjEvL0VOIiAiaHR0cDovL3d3dy53My5vcmcvR3JhcGhpY3MvU1ZHLzEuMS9EVEQv
c3ZnMTEuZHRkIj4NCjxzdmcgdmVyc2lvbj0iMS4xIiBpZD0iQ2FwYV8xIiB4bWxucz0iaHR0cDov
L3d3dy53My5vcmcvMjAwMC9zdmciIHhtbG5zOnhsaW5rPSJodHRwOi8vd3d3LnczLm9yZy8xOTk5
L3hsaW5rIiB4PSIwcHgiIHk9IjBweCINCgkgdmlld0JveD0iMCAwIDI5Ny4xNjUgMjk3LjE2NSIg
c3R5bGU9ImVuYWJsZS1iYWNrZ3JvdW5kOm5ldyAwIDAgMjk3LjE2NSAyOTcuMTY1OyIgeG1sOnNw
YWNlPSJwcmVzZXJ2ZSI+DQo8Zz4NCgk8cGF0aCBkPSJNMjE5LjEzMSwxOTIuMTU4Yy02LjMzOC0x
LjA5Ny0xMi44MzItMi43NjgtMTkuODUzLTUuMTA3bC02LjM0Mi0yLjExM2MwLjMwMS0wLjUxNCww
LjU5My0xLjAzMiwwLjg3LTEuNTU4bDEzLjgxMi0yNi4yMzINCgkJYzIuMjUzLTQuMjc5LDQuMjQ3
LTguOTM5LDUuOTQxLTEzLjg4MWM5Ljk4NC00LjMyOCwxNi41MjUtMTQuMTU4LDE2LjUyNS0yNS4y
MTljMC04LjMyOS0zLjczMy0xNi4xMDItMTAuMTEyLTIxLjMwMg0KCQljMC4wODYtMS44MjksMC4y
NDUtNC4zOTQsMC40LTYuOTA0YzAuNzE0LTExLjUyOCwxLjIwNy0yMC42ODYsMC41MzQtMjQuNjk1
Yy0zLjAwMy0yNC4xMzItMTIuMTc4LTQxLjc4OC0yNy4yNy01Mi40NzYNCgkJQzE4MS41OTgsNC4x
NDQsMTY2LjAyLDAsMTQ2LjAxNCwwYy0yLjY1OSwwLTUuNDU1LDAuMDc0LTguMzExLDAuMjIyYy0x
My44NDgsMC43MTEtMjMuNTM3LDQuNzk5LTI4Ljc5OCwxMi4xNQ0KCQljLTIuODYxLDMuOTk3LTQu
MDQyLDguMzk4LTQuMjczLDEyLjYzN2MtMC44MTItMC4xNTktMS42MzgtMC4yNC0yLjQ3My0wLjI0
Yy01LjYyOSwwLTExLjI4NSwzLjYwNC0xNi44MTMsMTAuNzENCgkJYy0xNS40NDgsMTkuODYyLTEw
LjM4LDQ1Ljk2Ni03Ljk0NSw1OC41MTFjMC4xODYsMC45NTgsMC4zOTQsMi4wMywwLjU1OSwyLjk1
MmMtNi4yMzQsNS4xOTktOS44NzUsMTIuODgxLTkuODc1LDIxLjEwNg0KCQljMCwxMS4wNjEsNi41
NDIsMjAuODkxLDE2LjUyNiwyNS4yMTljMS42OTQsNC45NDIsMy42ODgsOS42MDIsNS45NDEsMTMu
ODhsMTMuODEyLDI2LjIzM2MwLjE4OSwwLjM1OSwwLjM4OSwwLjcxMiwwLjU4OSwxLjA2NQ0KCQls
LTYuNjczLDIuMzA3Yy02LjA5MiwyLjEtMTIuOTI3LDMuODk0LTIxLjUxMiw1LjY0N2MtMTkuNDQ1
LDMuOTc3LTMzLjU1OCwyMS4yOTEtMzMuNTU4LDQxLjE2OXY2LjgxM2MwLDIuNzYyLDIuMjM5LDUs
NSw1DQoJCWMyLjc2MSwwLDUtMi4yMzgsNS01di02LjgxM2MwLTE1LjE0OCwxMC43NS0yOC4zNDMs
MjUuNTYtMzEuMzcxYzkuMDIxLTEuODQyLDE2LjI1NS0zLjc0NiwyMi43NzMtNS45OTNsMi41MTUt
MC44NjkNCgkJYy0zLjMyMywxMi42MzItMS4xMTksMjguNTI3LDIuMDI3LDM2LjgyYzAuNzMyLDEu
OTMsMi41NzQsMy4yMTEsNC42MzgsMy4yMjdjMC4wMTIsMCwwLjAyNCwwLDAuMDM3LDANCgkJYzIu
MDQ5LDAsMy44OTItMS4yNTEsNC42NDgtMy4xNThjMy45LTkuODQzLDExLjAxMS0xNy4wNSwxNS44
NTYtMjEuMTA4bDMuMDczLDguMzg0Yy00LjY4NCwxOC4zMTktNy4wMjgsMzcuMTktNi45Niw1Ni4x
MzYNCgkJbDAuMDQ5LDExLjUyOUg1My4yMDh2LTI4YzAtMi43NjItMi4yMzktNS01LTVjLTIuNzYx
LDAtNSwyLjIzOC01LDV2MzNjMCwyLjc2MiwyLjIzOSw1LDUsNWg4NC4yNGMwLjAwNywwLDAuMDE1
LDAsMC4wMjEsMGgzMS45NjgNCgkJYzAuMDA2LDAsMC4wMTMsMCwwLjAyLDBoODQuNTAxYzIuNzYx
LDAsNS0yLjIzOCw1LTV2LTU4LjYwMUMyNTMuOTU3LDIxMy4wNTcsMjM5LjMxLDE5NS42NDMsMjE5
LjEzMSwxOTIuMTU4eiBNMjE3LjQyNywyMDIuMDEyDQoJCWMxNS4zNzMsMi42NTUsMjYuNTMsMTUu
OTI1LDI2LjUzLDMxLjU1M3Y1My42MDFoLTc0LjUzOWwtMC4wNTEtMTMuMjEyYy0wLjA3Ny0xOC4x
NjEtMi4zNjQtMzYuMjM1LTYuNzkzLTUzLjc3Ng0KCQljMC4wMDgtMC4wMjEsMy4zMy05LjA2MSwz
LjMzLTkuMDYxYzQuODQ1LDQuMDU4LDExLjk1NiwxMS4yNjQsMTUuODU3LDIxLjEwOGMwLjc1Niwx
LjkwNywyLjU5OSwzLjE1OCw0LjY0OCwzLjE1OA0KCQljMC4wMTMsMCwwLjAyNSwwLDAuMDM3LDBj
Mi4wNjQtMC4wMTYsMy45MDYtMS4yOTcsNC42MzgtMy4yMjdjMy4xMjgtOC4yNDUsNS4zMjItMjQu
MDA0LDIuMDgyLTM2LjZsMi45NTEsMC45ODMNCgkJQzIwMy42MTgsMTk5LjAzOCwyMTAuNTg4LDIw
MC44MjgsMjE3LjQyNywyMDIuMDEyeiBNMTM3LjQyNywyODcuMTY1bC0wLjAwNy0xLjY3M2wyMS42
MzctMjEuNjM3DQoJCWMwLjE3NCwzLjM3NSwwLjI5Niw2Ljc1NCwwLjMxMSwxMC4xMzlsMC4wMTIs
My4wNThsLTEwLjExMiwxMC4xMTNIMTM3LjQyN3ogTTE4My4wMjUsMTk2LjQ2DQoJCWMxLjgxMyw1
Ljc0NywyLjA0NiwxMy4xOTIsMS4zNDksMTkuODk4Yy00LjA3Mi01LjcxMy04LjYxNi0xMC4wNzYt
MTIuMTcyLTEzLjAzM0MxNzYuMTI5LDIwMS40NjcsMTc5Ljc3NywxOTkuMTU0LDE4My4wMjUsMTk2
LjQ2eg0KCQkgTTE1NC40MTYsMjEzLjM5NWgtMTEuNjY2bC0yLjAyLTUuNTEyYzIuNzQ2LDAuNDM1
LDUuNTQsMC42NjYsOC4zNTQsMC42NjZjMi40NTMsMCw0Ljg5Mi0wLjE3Niw3LjI5Ni0wLjUwOEwx
NTQuNDE2LDIxMy4zOTV6DQoJCSBNMTQzLjY2NCwyMjMuMzk1aDkuMzgzYzAuNzE2LDIuODgxLDEu
Mzg1LDUuNzc0LDEuOTgsOC42ODNsLTE1Ljk2LDE1Ljk2QzE0MC4xMTQsMjM5Ljc0MywxNDEuNjQ4
LDIzMS41MTMsMTQzLjY2NCwyMjMuMzk1eg0KCQkgTTEzNy42OCwyNjMuNTY1bDE5LjQ0LTE5LjQ0
YzAuMzIyLDIuMjE2LDAuNjA5LDQuNDM4LDAuODYxLDYuNjY0bC0yMC41NzIsMjAuNTcyQzEzNy40
NTEsMjY4Ljc2LDEzNy41NDMsMjY2LjE2MSwxMzcuNjgsMjYzLjU2NXoNCgkJIE0yMDEuODc0LDM2
LjQ3YzEuOTk0LDMuNDc2LDMuNjgsNy4zMTUsNS4wOCwxMS41MDRjLTQuMTA4LDEuMDk4LTEwLjY0
NC0wLjIwNS0xMy43MjgtMS4yMjINCgkJYy0wLjc3NS0wLjI1Ni05LjUxNi0yLjE0NS0xNi43Mjkt
Mi40NzlDMTgxLjEyNCwzOS43ODUsMTg5LjE4NCwzNS4wMDQsMjAxLjg3NCwzNi40N3ogTTIwMy4w
NTMsNTguMzgzDQoJCWMyLjE0OSwwLDQuMzYzLTAuMjE0LDYuNDc1LTAuNzcxYzAuNTksMi44MzMs
MS4wODYsNS43ODQsMS40NjksOC44ODJjMC4wMTIsMC4wOTUsMC4wMjYsMC4xODgsMC4wNDMsMC4y
ODINCgkJYzAuNTEsMi44MDMtMC4wODksMTMuMzMzLTAuNTM4LDIwLjY0OWMtMS43MTctOS41OTYt
NC41Ni0yMC4yNjYtOS4yNjEtMjkuMDk2QzIwMS44MzksNTguMzYxLDIwMi40NDIsNTguMzgzLDIw
My4wNTMsNTguMzgzeg0KCQkgTTE5NC4yMDQsMjYuMzAzYy0xNi4wNDQsMS4xMTktMjYuMDczLDEw
LjY0OC0zMC40ODMsMTcuODk4Yy00LjkzMSwwLjEyNi05LjM4MywwLjM4NC0xMi4zMzksMC41ODYN
CgkJYzAuMDI4LTAuMTg2LDEuMTk3LTIzLjc0LDI3LjQ3OC0yOC45MjJDMTg0LjgsMTguNDYsMTg5
LjkwNSwyMS45MywxOTQuMjA0LDI2LjMwM3ogTTEzMS43MzksMzQuMzg5DQoJCWMtMC43NDYtOC45
ODUsNC4yMS0xOS44NDMsMjAuODkyLTIzLjg2M2MwLjI5Ni0wLjA3MSw2LjkxLDAuMjI4LDkuNzUz
LDAuNjc5Yy0xMi41NTMsNi45MjUtMTguMjQ4LDE4LjEyMi0yMC4xNTIsMjYuNzUyDQoJCUMxMzku
NDY4LDM2LjUyOCwxMzYuMDIsMzUuMjU3LDEzMS43MzksMzQuMzg5eiBNMTE3LjAzNywxOC4xOTFj
Mi41Mi0zLjUyMSw3LjA5Mi01LjkwNCwxMy42MjUtNy4xMjcNCgkJYy02LjQxOSw2LjM0MS05LjE3
NiwxNC4zODctOSwyMi4xOWMtMS45MzYtMC4wNjgtMy45ODgtMC4wNjQtNi4xNjMsMC4wMjFDMTE0
LjMzNCwyOC43NDUsMTEzLjc5LDIyLjcyOSwxMTcuMDM3LDE4LjE5MXoNCgkJIE05My4yNCw0MS42
MTdjNC44MDgtNi4xODEsNy44MzktNi44NDksOC45MTktNi44NDljMS42NTIsMCwzLjEyNSwxLjUw
Miw0LjA3MiwyLjc1N2MtOS44ODEsMTEuMTA4LTE1LjY4NiwzNi41MzgtMTguNzE2LDU0Ljc3Mg0K
CQljLTAuMDk4LTAuMTA3LTAuMjA4LTAuMi0wLjMxMy0wLjI5N0M4NS4wNDEsODAuODcxLDgwLjYx
MSw1Ny44NTUsOTMuMjQsNDEuNjE3eiBNOTkuNCwxNTIuNDg3DQoJCWMtMi4zMjgtNC40MTktNC4z
NTQtOS4zMTktNi4wMjUtMTQuNTY0Yy0wLjQ4OC0xLjUzMy0xLjY4NS0yLjczOC0zLjIxNi0zLjIz
NmMtNy4yMjMtMi4zNTMtMTIuMDc2LTkuMDQtMTIuMDc2LTE2LjY0DQoJCWMwLTQuMjY3LDEuNTQ4
LTguMyw0LjI3LTExLjQ0bDIuNzIsNy43NjFjMC43MDksMi4wMjIsMi42MTUsMy4zNDcsNC43MTYs
My4zNDdjMC4xOTcsMCwwLjM5Ni0wLjAxMiwwLjU5Ni0wLjAzNQ0KCQljMi4zMjgtMC4yNzgsNC4x
NS0yLjEzNyw0LjM4My00LjQ3YzEuNTk3LTE2LjAzMyw4LjI0OS01OS40MzgsMTkuODI2LTY5Ljk0
OGMwLjIsMC4wMTQsMC4zOTcsMC4wNDEsMC42MDIsMC4wMw0KCQljMjIuNDY2LTEuMDY5LDI3Ljg1
Myw3LjgzNywyOC4zMDQsOC42NjdjMC43NDMsMi4xNjIsMi43NjQsMy4yNzUsNS4wNjMsMy4wNjlj
MTcuODItMS41NjMsMzYuMDYyLTEuMDM3LDM5LjI1NCwxLjExOA0KCQljMTQuNjU4LDE2LjkwOCwx
NS4zMDQsNTYuODkxLDE1LjMwOSw1Ny4yOTRjMC4wMjksMi40NjksMS44NTcsNC41NDgsNC4zMDMs
NC44OTJjMC4yMzUsMC4wMzMsMC40NjksMC4wNDksMC43LDAuMDQ5DQoJCWMyLjE3OCwwLDQuMTQ0
LTEuNDI0LDQuNzg1LTMuNTYzYzAuMDYyLTAuMjA1LDEuMDktMy42NDcsMi4zOTUtOC43NzJjMy4w
MzYsMy4yMTIsNC43NzQsNy40NzYsNC43NzQsMTIuMDAxDQoJCWMwLDcuNi00Ljg1MywxNC4yODct
MTIuMDc1LDE2LjY0Yy0xLjUzMSwwLjQ5OC0yLjcyOCwxLjcwMy0zLjIxNiwzLjIzNmMtMS42Nyw1
LjI0NC0zLjY5NywxMC4xNDUtNi4wMjQsMTQuNTY0bC0xMy44MTIsMjYuMjMzDQoJCWMtNi4xNDYs
MTEuNjczLTIwLjg5OCwxOS44MjYtMzUuODczLDE5LjgyNnMtMjkuNzI3LTguMTUzLTM1Ljg3My0x
OS44MjZMOTkuNCwxNTIuNDg3eiBNMTEyLjc5NiwyMTYuMzU4DQoJCWMtMC43MjUtNi45NjQtMC40
NDMtMTQuNzI0LDEuNTY4LTIwLjU1M2MzLjI2NywyLjgyOSw2Ljk3Miw1LjI1OSwxMC45NzQsNy4y
MThDMTIxLjczLDIwNS45ODEsMTE3LjAxMywyMTAuNDQxLDExMi43OTYsMjE2LjM1OHoiDQoJCS8+
DQoJPHBhdGggZD0iTTE3OC40NTksMjc2LjcxNWMwLDIuNzYyLDIuMjM5LDUsNSw1aDE3LjM1OGMy
Ljc2MSwwLDUtMi4yMzgsNS01YzAtMi43NjItMi4yMzktNS01LTVoLTE3LjM1OA0KCQlDMTgwLjY5
OCwyNzEuNzE1LDE3OC40NTksMjczLjk1MywxNzguNDU5LDI3Ni43MTV6Ii8+DQoJPHBhdGggZD0i
TTIxNi40NTksMjgxLjcxNWg5YzIuNzYxLDAsNS0yLjIzOCw1LTVjMC0yLjc2Mi0yLjIzOS01LTUt
NWgtOWMtMi43NjEsMC01LDIuMjM4LTUsNQ0KCQlDMjExLjQ1OSwyNzkuNDc3LDIxMy42OTgsMjgx
LjcxNSwyMTYuNDU5LDI4MS43MTV6Ii8+DQo8L2c+DQo8Zz4NCjwvZz4NCjxnPg0KPC9nPg0KPGc+
DQo8L2c+DQo8Zz4NCjwvZz4NCjxnPg0KPC9nPg0KPGc+DQo8L2c+DQo8Zz4NCjwvZz4NCjxnPg0K
PC9nPg0KPGc+DQo8L2c+DQo8Zz4NCjwvZz4NCjxnPg0KPC9nPg0KPGc+DQo8L2c+DQo8Zz4NCjwv
Zz4NCjxnPg0KPC9nPg0KPGc+DQo8L2c+DQo8L3N2Zz4NCg=="
),(
    "Ludwig",
    "Robertson",
    "ludrob@gmail.com",
    58,
    "23b63e3c98d8892b91ab7c948e33e960ba5b7377",
    "4 Goldfield Rd.",
    "Honolulu",
    "96815",
    "USA",
    "PD94bWwgdmVyc2lvbj0iMS4wIiBlbmNvZGluZz0iaXNvLTg4NTktMSI/Pg0KPCEtLSBHZW5lcmF0
b3I6IEFkb2JlIElsbHVzdHJhdG9yIDE4LjAuMCwgU1ZHIEV4cG9ydCBQbHVnLUluIC4gU1ZHIFZl
cnNpb246IDYuMDAgQnVpbGQgMCkgIC0tPg0KPCFET0NUWVBFIHN2ZyBQVUJMSUMgIi0vL1czQy8v
RFREIFNWRyAxLjEvL0VOIiAiaHR0cDovL3d3dy53My5vcmcvR3JhcGhpY3MvU1ZHLzEuMS9EVEQv
c3ZnMTEuZHRkIj4NCjxzdmcgdmVyc2lvbj0iMS4xIiBpZD0iQ2FwYV8xIiB4bWxucz0iaHR0cDov
L3d3dy53My5vcmcvMjAwMC9zdmciIHhtbG5zOnhsaW5rPSJodHRwOi8vd3d3LnczLm9yZy8xOTk5
L3hsaW5rIiB4PSIwcHgiIHk9IjBweCINCgkgdmlld0JveD0iMCAwIDI5Ny4xNjUgMjk3LjE2NSIg
c3R5bGU9ImVuYWJsZS1iYWNrZ3JvdW5kOm5ldyAwIDAgMjk3LjE2NSAyOTcuMTY1OyIgeG1sOnNw
YWNlPSJwcmVzZXJ2ZSI+DQo8Zz4NCgk8cGF0aCBkPSJNMjE5LjEzMSwxOTIuMTU4Yy02LjMzOC0x
LjA5Ny0xMi44MzItMi43NjgtMTkuODUzLTUuMTA3bC02LjM0Mi0yLjExM2MwLjMwMS0wLjUxNCww
LjU5My0xLjAzMiwwLjg3LTEuNTU4bDEzLjgxMi0yNi4yMzINCgkJYzIuMjUzLTQuMjc5LDQuMjQ3
LTguOTM5LDUuOTQxLTEzLjg4MWM5Ljk4NC00LjMyOCwxNi41MjUtMTQuMTU4LDE2LjUyNS0yNS4y
MTljMC04LjMyOS0zLjczMy0xNi4xMDItMTAuMTEyLTIxLjMwMg0KCQljMC4wODYtMS44MjksMC4y
NDUtNC4zOTQsMC40LTYuOTA0YzAuNzE0LTExLjUyOCwxLjIwNy0yMC42ODYsMC41MzQtMjQuNjk1
Yy0zLjAwMy0yNC4xMzItMTIuMTc4LTQxLjc4OC0yNy4yNy01Mi40NzYNCgkJQzE4MS41OTgsNC4x
NDQsMTY2LjAyLDAsMTQ2LjAxNCwwYy0yLjY1OSwwLTUuNDU1LDAuMDc0LTguMzExLDAuMjIyYy0x
My44NDgsMC43MTEtMjMuNTM3LDQuNzk5LTI4Ljc5OCwxMi4xNQ0KCQljLTIuODYxLDMuOTk3LTQu
MDQyLDguMzk4LTQuMjczLDEyLjYzN2MtMC44MTItMC4xNTktMS42MzgtMC4yNC0yLjQ3My0wLjI0
Yy01LjYyOSwwLTExLjI4NSwzLjYwNC0xNi44MTMsMTAuNzENCgkJYy0xNS40NDgsMTkuODYyLTEw
LjM4LDQ1Ljk2Ni03Ljk0NSw1OC41MTFjMC4xODYsMC45NTgsMC4zOTQsMi4wMywwLjU1OSwyLjk1
MmMtNi4yMzQsNS4xOTktOS44NzUsMTIuODgxLTkuODc1LDIxLjEwNg0KCQljMCwxMS4wNjEsNi41
NDIsMjAuODkxLDE2LjUyNiwyNS4yMTljMS42OTQsNC45NDIsMy42ODgsOS42MDIsNS45NDEsMTMu
ODhsMTMuODEyLDI2LjIzM2MwLjE4OSwwLjM1OSwwLjM4OSwwLjcxMiwwLjU4OSwxLjA2NQ0KCQls
LTYuNjczLDIuMzA3Yy02LjA5MiwyLjEtMTIuOTI3LDMuODk0LTIxLjUxMiw1LjY0N2MtMTkuNDQ1
LDMuOTc3LTMzLjU1OCwyMS4yOTEtMzMuNTU4LDQxLjE2OXY2LjgxM2MwLDIuNzYyLDIuMjM5LDUs
NSw1DQoJCWMyLjc2MSwwLDUtMi4yMzgsNS01di02LjgxM2MwLTE1LjE0OCwxMC43NS0yOC4zNDMs
MjUuNTYtMzEuMzcxYzkuMDIxLTEuODQyLDE2LjI1NS0zLjc0NiwyMi43NzMtNS45OTNsMi41MTUt
MC44NjkNCgkJYy0zLjMyMywxMi42MzItMS4xMTksMjguNTI3LDIuMDI3LDM2LjgyYzAuNzMyLDEu
OTMsMi41NzQsMy4yMTEsNC42MzgsMy4yMjdjMC4wMTIsMCwwLjAyNCwwLDAuMDM3LDANCgkJYzIu
MDQ5LDAsMy44OTItMS4yNTEsNC42NDgtMy4xNThjMy45LTkuODQzLDExLjAxMS0xNy4wNSwxNS44
NTYtMjEuMTA4bDMuMDczLDguMzg0Yy00LjY4NCwxOC4zMTktNy4wMjgsMzcuMTktNi45Niw1Ni4x
MzYNCgkJbDAuMDQ5LDExLjUyOUg1My4yMDh2LTI4YzAtMi43NjItMi4yMzktNS01LTVjLTIuNzYx
LDAtNSwyLjIzOC01LDV2MzNjMCwyLjc2MiwyLjIzOSw1LDUsNWg4NC4yNGMwLjAwNywwLDAuMDE1
LDAsMC4wMjEsMGgzMS45NjgNCgkJYzAuMDA2LDAsMC4wMTMsMCwwLjAyLDBoODQuNTAxYzIuNzYx
LDAsNS0yLjIzOCw1LTV2LTU4LjYwMUMyNTMuOTU3LDIxMy4wNTcsMjM5LjMxLDE5NS42NDMsMjE5
LjEzMSwxOTIuMTU4eiBNMjE3LjQyNywyMDIuMDEyDQoJCWMxNS4zNzMsMi42NTUsMjYuNTMsMTUu
OTI1LDI2LjUzLDMxLjU1M3Y1My42MDFoLTc0LjUzOWwtMC4wNTEtMTMuMjEyYy0wLjA3Ny0xOC4x
NjEtMi4zNjQtMzYuMjM1LTYuNzkzLTUzLjc3Ng0KCQljMC4wMDgtMC4wMjEsMy4zMy05LjA2MSwz
LjMzLTkuMDYxYzQuODQ1LDQuMDU4LDExLjk1NiwxMS4yNjQsMTUuODU3LDIxLjEwOGMwLjc1Niwx
LjkwNywyLjU5OSwzLjE1OCw0LjY0OCwzLjE1OA0KCQljMC4wMTMsMCwwLjAyNSwwLDAuMDM3LDBj
Mi4wNjQtMC4wMTYsMy45MDYtMS4yOTcsNC42MzgtMy4yMjdjMy4xMjgtOC4yNDUsNS4zMjItMjQu
MDA0LDIuMDgyLTM2LjZsMi45NTEsMC45ODMNCgkJQzIwMy42MTgsMTk5LjAzOCwyMTAuNTg4LDIw
MC44MjgsMjE3LjQyNywyMDIuMDEyeiBNMTM3LjQyNywyODcuMTY1bC0wLjAwNy0xLjY3M2wyMS42
MzctMjEuNjM3DQoJCWMwLjE3NCwzLjM3NSwwLjI5Niw2Ljc1NCwwLjMxMSwxMC4xMzlsMC4wMTIs
My4wNThsLTEwLjExMiwxMC4xMTNIMTM3LjQyN3ogTTE4My4wMjUsMTk2LjQ2DQoJCWMxLjgxMyw1
Ljc0NywyLjA0NiwxMy4xOTIsMS4zNDksMTkuODk4Yy00LjA3Mi01LjcxMy04LjYxNi0xMC4wNzYt
MTIuMTcyLTEzLjAzM0MxNzYuMTI5LDIwMS40NjcsMTc5Ljc3NywxOTkuMTU0LDE4My4wMjUsMTk2
LjQ2eg0KCQkgTTE1NC40MTYsMjEzLjM5NWgtMTEuNjY2bC0yLjAyLTUuNTEyYzIuNzQ2LDAuNDM1
LDUuNTQsMC42NjYsOC4zNTQsMC42NjZjMi40NTMsMCw0Ljg5Mi0wLjE3Niw3LjI5Ni0wLjUwOEwx
NTQuNDE2LDIxMy4zOTV6DQoJCSBNMTQzLjY2NCwyMjMuMzk1aDkuMzgzYzAuNzE2LDIuODgxLDEu
Mzg1LDUuNzc0LDEuOTgsOC42ODNsLTE1Ljk2LDE1Ljk2QzE0MC4xMTQsMjM5Ljc0MywxNDEuNjQ4
LDIzMS41MTMsMTQzLjY2NCwyMjMuMzk1eg0KCQkgTTEzNy42OCwyNjMuNTY1bDE5LjQ0LTE5LjQ0
YzAuMzIyLDIuMjE2LDAuNjA5LDQuNDM4LDAuODYxLDYuNjY0bC0yMC41NzIsMjAuNTcyQzEzNy40
NTEsMjY4Ljc2LDEzNy41NDMsMjY2LjE2MSwxMzcuNjgsMjYzLjU2NXoNCgkJIE0yMDEuODc0LDM2
LjQ3YzEuOTk0LDMuNDc2LDMuNjgsNy4zMTUsNS4wOCwxMS41MDRjLTQuMTA4LDEuMDk4LTEwLjY0
NC0wLjIwNS0xMy43MjgtMS4yMjINCgkJYy0wLjc3NS0wLjI1Ni05LjUxNi0yLjE0NS0xNi43Mjkt
Mi40NzlDMTgxLjEyNCwzOS43ODUsMTg5LjE4NCwzNS4wMDQsMjAxLjg3NCwzNi40N3ogTTIwMy4w
NTMsNTguMzgzDQoJCWMyLjE0OSwwLDQuMzYzLTAuMjE0LDYuNDc1LTAuNzcxYzAuNTksMi44MzMs
MS4wODYsNS43ODQsMS40NjksOC44ODJjMC4wMTIsMC4wOTUsMC4wMjYsMC4xODgsMC4wNDMsMC4y
ODINCgkJYzAuNTEsMi44MDMtMC4wODksMTMuMzMzLTAuNTM4LDIwLjY0OWMtMS43MTctOS41OTYt
NC41Ni0yMC4yNjYtOS4yNjEtMjkuMDk2QzIwMS44MzksNTguMzYxLDIwMi40NDIsNTguMzgzLDIw
My4wNTMsNTguMzgzeg0KCQkgTTE5NC4yMDQsMjYuMzAzYy0xNi4wNDQsMS4xMTktMjYuMDczLDEw
LjY0OC0zMC40ODMsMTcuODk4Yy00LjkzMSwwLjEyNi05LjM4MywwLjM4NC0xMi4zMzksMC41ODYN
CgkJYzAuMDI4LTAuMTg2LDEuMTk3LTIzLjc0LDI3LjQ3OC0yOC45MjJDMTg0LjgsMTguNDYsMTg5
LjkwNSwyMS45MywxOTQuMjA0LDI2LjMwM3ogTTEzMS43MzksMzQuMzg5DQoJCWMtMC43NDYtOC45
ODUsNC4yMS0xOS44NDMsMjAuODkyLTIzLjg2M2MwLjI5Ni0wLjA3MSw2LjkxLDAuMjI4LDkuNzUz
LDAuNjc5Yy0xMi41NTMsNi45MjUtMTguMjQ4LDE4LjEyMi0yMC4xNTIsMjYuNzUyDQoJCUMxMzku
NDY4LDM2LjUyOCwxMzYuMDIsMzUuMjU3LDEzMS43MzksMzQuMzg5eiBNMTE3LjAzNywxOC4xOTFj
Mi41Mi0zLjUyMSw3LjA5Mi01LjkwNCwxMy42MjUtNy4xMjcNCgkJYy02LjQxOSw2LjM0MS05LjE3
NiwxNC4zODctOSwyMi4xOWMtMS45MzYtMC4wNjgtMy45ODgtMC4wNjQtNi4xNjMsMC4wMjFDMTE0
LjMzNCwyOC43NDUsMTEzLjc5LDIyLjcyOSwxMTcuMDM3LDE4LjE5MXoNCgkJIE05My4yNCw0MS42
MTdjNC44MDgtNi4xODEsNy44MzktNi44NDksOC45MTktNi44NDljMS42NTIsMCwzLjEyNSwxLjUw
Miw0LjA3MiwyLjc1N2MtOS44ODEsMTEuMTA4LTE1LjY4NiwzNi41MzgtMTguNzE2LDU0Ljc3Mg0K
CQljLTAuMDk4LTAuMTA3LTAuMjA4LTAuMi0wLjMxMy0wLjI5N0M4NS4wNDEsODAuODcxLDgwLjYx
MSw1Ny44NTUsOTMuMjQsNDEuNjE3eiBNOTkuNCwxNTIuNDg3DQoJCWMtMi4zMjgtNC40MTktNC4z
NTQtOS4zMTktNi4wMjUtMTQuNTY0Yy0wLjQ4OC0xLjUzMy0xLjY4NS0yLjczOC0zLjIxNi0zLjIz
NmMtNy4yMjMtMi4zNTMtMTIuMDc2LTkuMDQtMTIuMDc2LTE2LjY0DQoJCWMwLTQuMjY3LDEuNTQ4
LTguMyw0LjI3LTExLjQ0bDIuNzIsNy43NjFjMC43MDksMi4wMjIsMi42MTUsMy4zNDcsNC43MTYs
My4zNDdjMC4xOTcsMCwwLjM5Ni0wLjAxMiwwLjU5Ni0wLjAzNQ0KCQljMi4zMjgtMC4yNzgsNC4x
NS0yLjEzNyw0LjM4My00LjQ3YzEuNTk3LTE2LjAzMyw4LjI0OS01OS40MzgsMTkuODI2LTY5Ljk0
OGMwLjIsMC4wMTQsMC4zOTcsMC4wNDEsMC42MDIsMC4wMw0KCQljMjIuNDY2LTEuMDY5LDI3Ljg1
Myw3LjgzNywyOC4zMDQsOC42NjdjMC43NDMsMi4xNjIsMi43NjQsMy4yNzUsNS4wNjMsMy4wNjlj
MTcuODItMS41NjMsMzYuMDYyLTEuMDM3LDM5LjI1NCwxLjExOA0KCQljMTQuNjU4LDE2LjkwOCwx
NS4zMDQsNTYuODkxLDE1LjMwOSw1Ny4yOTRjMC4wMjksMi40NjksMS44NTcsNC41NDgsNC4zMDMs
NC44OTJjMC4yMzUsMC4wMzMsMC40NjksMC4wNDksMC43LDAuMDQ5DQoJCWMyLjE3OCwwLDQuMTQ0
LTEuNDI0LDQuNzg1LTMuNTYzYzAuMDYyLTAuMjA1LDEuMDktMy42NDcsMi4zOTUtOC43NzJjMy4w
MzYsMy4yMTIsNC43NzQsNy40NzYsNC43NzQsMTIuMDAxDQoJCWMwLDcuNi00Ljg1MywxNC4yODct
MTIuMDc1LDE2LjY0Yy0xLjUzMSwwLjQ5OC0yLjcyOCwxLjcwMy0zLjIxNiwzLjIzNmMtMS42Nyw1
LjI0NC0zLjY5NywxMC4xNDUtNi4wMjQsMTQuNTY0bC0xMy44MTIsMjYuMjMzDQoJCWMtNi4xNDYs
MTEuNjczLTIwLjg5OCwxOS44MjYtMzUuODczLDE5LjgyNnMtMjkuNzI3LTguMTUzLTM1Ljg3My0x
OS44MjZMOTkuNCwxNTIuNDg3eiBNMTEyLjc5NiwyMTYuMzU4DQoJCWMtMC43MjUtNi45NjQtMC40
NDMtMTQuNzI0LDEuNTY4LTIwLjU1M2MzLjI2NywyLjgyOSw2Ljk3Miw1LjI1OSwxMC45NzQsNy4y
MThDMTIxLjczLDIwNS45ODEsMTE3LjAxMywyMTAuNDQxLDExMi43OTYsMjE2LjM1OHoiDQoJCS8+
DQoJPHBhdGggZD0iTTE3OC40NTksMjc2LjcxNWMwLDIuNzYyLDIuMjM5LDUsNSw1aDE3LjM1OGMy
Ljc2MSwwLDUtMi4yMzgsNS01YzAtMi43NjItMi4yMzktNS01LTVoLTE3LjM1OA0KCQlDMTgwLjY5
OCwyNzEuNzE1LDE3OC40NTksMjczLjk1MywxNzguNDU5LDI3Ni43MTV6Ii8+DQoJPHBhdGggZD0i
TTIxNi40NTksMjgxLjcxNWg5YzIuNzYxLDAsNS0yLjIzOCw1LTVjMC0yLjc2Mi0yLjIzOS01LTUt
NWgtOWMtMi43NjEsMC01LDIuMjM4LTUsNQ0KCQlDMjExLjQ1OSwyNzkuNDc3LDIxMy42OTgsMjgx
LjcxNSwyMTYuNDU5LDI4MS43MTV6Ii8+DQo8L2c+DQo8Zz4NCjwvZz4NCjxnPg0KPC9nPg0KPGc+
DQo8L2c+DQo8Zz4NCjwvZz4NCjxnPg0KPC9nPg0KPGc+DQo8L2c+DQo8Zz4NCjwvZz4NCjxnPg0K
PC9nPg0KPGc+DQo8L2c+DQo8Zz4NCjwvZz4NCjxnPg0KPC9nPg0KPGc+DQo8L2c+DQo8Zz4NCjwv
Zz4NCjxnPg0KPC9nPg0KPGc+DQo8L2c+DQo8L3N2Zz4NCg=="
),(
    "Alicia",
    "Trueman",
    "alitru@gmail.com",
    47,
    "d7c8baca554ea1090dcc14127a13b5ec8f329679",
    "44 Shirley Ave.",
    "West Chicago",
    "60185",
    "USA",
    "PD94bWwgdmVyc2lvbj0iMS4wIiBlbmNvZGluZz0iaXNvLTg4NTktMSI/Pg0KPCEtLSBHZW5lcmF0
b3I6IEFkb2JlIElsbHVzdHJhdG9yIDE4LjAuMCwgU1ZHIEV4cG9ydCBQbHVnLUluIC4gU1ZHIFZl
cnNpb246IDYuMDAgQnVpbGQgMCkgIC0tPg0KPCFET0NUWVBFIHN2ZyBQVUJMSUMgIi0vL1czQy8v
RFREIFNWRyAxLjEvL0VOIiAiaHR0cDovL3d3dy53My5vcmcvR3JhcGhpY3MvU1ZHLzEuMS9EVEQv
c3ZnMTEuZHRkIj4NCjxzdmcgdmVyc2lvbj0iMS4xIiBpZD0iQ2FwYV8xIiB4bWxucz0iaHR0cDov
L3d3dy53My5vcmcvMjAwMC9zdmciIHhtbG5zOnhsaW5rPSJodHRwOi8vd3d3LnczLm9yZy8xOTk5
L3hsaW5rIiB4PSIwcHgiIHk9IjBweCINCgkgdmlld0JveD0iMCAwIDI5Ny4xNjUgMjk3LjE2NSIg
c3R5bGU9ImVuYWJsZS1iYWNrZ3JvdW5kOm5ldyAwIDAgMjk3LjE2NSAyOTcuMTY1OyIgeG1sOnNw
YWNlPSJwcmVzZXJ2ZSI+DQo8Zz4NCgk8cGF0aCBkPSJNMjE5LjEzMSwxOTIuMTU4Yy02LjMzOC0x
LjA5Ny0xMi44MzItMi43NjgtMTkuODUzLTUuMTA3bC02LjM0Mi0yLjExM2MwLjMwMS0wLjUxNCww
LjU5My0xLjAzMiwwLjg3LTEuNTU4bDEzLjgxMi0yNi4yMzINCgkJYzIuMjUzLTQuMjc5LDQuMjQ3
LTguOTM5LDUuOTQxLTEzLjg4MWM5Ljk4NC00LjMyOCwxNi41MjUtMTQuMTU4LDE2LjUyNS0yNS4y
MTljMC04LjMyOS0zLjczMy0xNi4xMDItMTAuMTEyLTIxLjMwMg0KCQljMC4wODYtMS44MjksMC4y
NDUtNC4zOTQsMC40LTYuOTA0YzAuNzE0LTExLjUyOCwxLjIwNy0yMC42ODYsMC41MzQtMjQuNjk1
Yy0zLjAwMy0yNC4xMzItMTIuMTc4LTQxLjc4OC0yNy4yNy01Mi40NzYNCgkJQzE4MS41OTgsNC4x
NDQsMTY2LjAyLDAsMTQ2LjAxNCwwYy0yLjY1OSwwLTUuNDU1LDAuMDc0LTguMzExLDAuMjIyYy0x
My44NDgsMC43MTEtMjMuNTM3LDQuNzk5LTI4Ljc5OCwxMi4xNQ0KCQljLTIuODYxLDMuOTk3LTQu
MDQyLDguMzk4LTQuMjczLDEyLjYzN2MtMC44MTItMC4xNTktMS42MzgtMC4yNC0yLjQ3My0wLjI0
Yy01LjYyOSwwLTExLjI4NSwzLjYwNC0xNi44MTMsMTAuNzENCgkJYy0xNS40NDgsMTkuODYyLTEw
LjM4LDQ1Ljk2Ni03Ljk0NSw1OC41MTFjMC4xODYsMC45NTgsMC4zOTQsMi4wMywwLjU1OSwyLjk1
MmMtNi4yMzQsNS4xOTktOS44NzUsMTIuODgxLTkuODc1LDIxLjEwNg0KCQljMCwxMS4wNjEsNi41
NDIsMjAuODkxLDE2LjUyNiwyNS4yMTljMS42OTQsNC45NDIsMy42ODgsOS42MDIsNS45NDEsMTMu
ODhsMTMuODEyLDI2LjIzM2MwLjE4OSwwLjM1OSwwLjM4OSwwLjcxMiwwLjU4OSwxLjA2NQ0KCQls
LTYuNjczLDIuMzA3Yy02LjA5MiwyLjEtMTIuOTI3LDMuODk0LTIxLjUxMiw1LjY0N2MtMTkuNDQ1
LDMuOTc3LTMzLjU1OCwyMS4yOTEtMzMuNTU4LDQxLjE2OXY2LjgxM2MwLDIuNzYyLDIuMjM5LDUs
NSw1DQoJCWMyLjc2MSwwLDUtMi4yMzgsNS01di02LjgxM2MwLTE1LjE0OCwxMC43NS0yOC4zNDMs
MjUuNTYtMzEuMzcxYzkuMDIxLTEuODQyLDE2LjI1NS0zLjc0NiwyMi43NzMtNS45OTNsMi41MTUt
MC44NjkNCgkJYy0zLjMyMywxMi42MzItMS4xMTksMjguNTI3LDIuMDI3LDM2LjgyYzAuNzMyLDEu
OTMsMi41NzQsMy4yMTEsNC42MzgsMy4yMjdjMC4wMTIsMCwwLjAyNCwwLDAuMDM3LDANCgkJYzIu
MDQ5LDAsMy44OTItMS4yNTEsNC42NDgtMy4xNThjMy45LTkuODQzLDExLjAxMS0xNy4wNSwxNS44
NTYtMjEuMTA4bDMuMDczLDguMzg0Yy00LjY4NCwxOC4zMTktNy4wMjgsMzcuMTktNi45Niw1Ni4x
MzYNCgkJbDAuMDQ5LDExLjUyOUg1My4yMDh2LTI4YzAtMi43NjItMi4yMzktNS01LTVjLTIuNzYx
LDAtNSwyLjIzOC01LDV2MzNjMCwyLjc2MiwyLjIzOSw1LDUsNWg4NC4yNGMwLjAwNywwLDAuMDE1
LDAsMC4wMjEsMGgzMS45NjgNCgkJYzAuMDA2LDAsMC4wMTMsMCwwLjAyLDBoODQuNTAxYzIuNzYx
LDAsNS0yLjIzOCw1LTV2LTU4LjYwMUMyNTMuOTU3LDIxMy4wNTcsMjM5LjMxLDE5NS42NDMsMjE5
LjEzMSwxOTIuMTU4eiBNMjE3LjQyNywyMDIuMDEyDQoJCWMxNS4zNzMsMi42NTUsMjYuNTMsMTUu
OTI1LDI2LjUzLDMxLjU1M3Y1My42MDFoLTc0LjUzOWwtMC4wNTEtMTMuMjEyYy0wLjA3Ny0xOC4x
NjEtMi4zNjQtMzYuMjM1LTYuNzkzLTUzLjc3Ng0KCQljMC4wMDgtMC4wMjEsMy4zMy05LjA2MSwz
LjMzLTkuMDYxYzQuODQ1LDQuMDU4LDExLjk1NiwxMS4yNjQsMTUuODU3LDIxLjEwOGMwLjc1Niwx
LjkwNywyLjU5OSwzLjE1OCw0LjY0OCwzLjE1OA0KCQljMC4wMTMsMCwwLjAyNSwwLDAuMDM3LDBj
Mi4wNjQtMC4wMTYsMy45MDYtMS4yOTcsNC42MzgtMy4yMjdjMy4xMjgtOC4yNDUsNS4zMjItMjQu
MDA0LDIuMDgyLTM2LjZsMi45NTEsMC45ODMNCgkJQzIwMy42MTgsMTk5LjAzOCwyMTAuNTg4LDIw
MC44MjgsMjE3LjQyNywyMDIuMDEyeiBNMTM3LjQyNywyODcuMTY1bC0wLjAwNy0xLjY3M2wyMS42
MzctMjEuNjM3DQoJCWMwLjE3NCwzLjM3NSwwLjI5Niw2Ljc1NCwwLjMxMSwxMC4xMzlsMC4wMTIs
My4wNThsLTEwLjExMiwxMC4xMTNIMTM3LjQyN3ogTTE4My4wMjUsMTk2LjQ2DQoJCWMxLjgxMyw1
Ljc0NywyLjA0NiwxMy4xOTIsMS4zNDksMTkuODk4Yy00LjA3Mi01LjcxMy04LjYxNi0xMC4wNzYt
MTIuMTcyLTEzLjAzM0MxNzYuMTI5LDIwMS40NjcsMTc5Ljc3NywxOTkuMTU0LDE4My4wMjUsMTk2
LjQ2eg0KCQkgTTE1NC40MTYsMjEzLjM5NWgtMTEuNjY2bC0yLjAyLTUuNTEyYzIuNzQ2LDAuNDM1
LDUuNTQsMC42NjYsOC4zNTQsMC42NjZjMi40NTMsMCw0Ljg5Mi0wLjE3Niw3LjI5Ni0wLjUwOEwx
NTQuNDE2LDIxMy4zOTV6DQoJCSBNMTQzLjY2NCwyMjMuMzk1aDkuMzgzYzAuNzE2LDIuODgxLDEu
Mzg1LDUuNzc0LDEuOTgsOC42ODNsLTE1Ljk2LDE1Ljk2QzE0MC4xMTQsMjM5Ljc0MywxNDEuNjQ4
LDIzMS41MTMsMTQzLjY2NCwyMjMuMzk1eg0KCQkgTTEzNy42OCwyNjMuNTY1bDE5LjQ0LTE5LjQ0
YzAuMzIyLDIuMjE2LDAuNjA5LDQuNDM4LDAuODYxLDYuNjY0bC0yMC41NzIsMjAuNTcyQzEzNy40
NTEsMjY4Ljc2LDEzNy41NDMsMjY2LjE2MSwxMzcuNjgsMjYzLjU2NXoNCgkJIE0yMDEuODc0LDM2
LjQ3YzEuOTk0LDMuNDc2LDMuNjgsNy4zMTUsNS4wOCwxMS41MDRjLTQuMTA4LDEuMDk4LTEwLjY0
NC0wLjIwNS0xMy43MjgtMS4yMjINCgkJYy0wLjc3NS0wLjI1Ni05LjUxNi0yLjE0NS0xNi43Mjkt
Mi40NzlDMTgxLjEyNCwzOS43ODUsMTg5LjE4NCwzNS4wMDQsMjAxLjg3NCwzNi40N3ogTTIwMy4w
NTMsNTguMzgzDQoJCWMyLjE0OSwwLDQuMzYzLTAuMjE0LDYuNDc1LTAuNzcxYzAuNTksMi44MzMs
MS4wODYsNS43ODQsMS40NjksOC44ODJjMC4wMTIsMC4wOTUsMC4wMjYsMC4xODgsMC4wNDMsMC4y
ODINCgkJYzAuNTEsMi44MDMtMC4wODksMTMuMzMzLTAuNTM4LDIwLjY0OWMtMS43MTctOS41OTYt
NC41Ni0yMC4yNjYtOS4yNjEtMjkuMDk2QzIwMS44MzksNTguMzYxLDIwMi40NDIsNTguMzgzLDIw
My4wNTMsNTguMzgzeg0KCQkgTTE5NC4yMDQsMjYuMzAzYy0xNi4wNDQsMS4xMTktMjYuMDczLDEw
LjY0OC0zMC40ODMsMTcuODk4Yy00LjkzMSwwLjEyNi05LjM4MywwLjM4NC0xMi4zMzksMC41ODYN
CgkJYzAuMDI4LTAuMTg2LDEuMTk3LTIzLjc0LDI3LjQ3OC0yOC45MjJDMTg0LjgsMTguNDYsMTg5
LjkwNSwyMS45MywxOTQuMjA0LDI2LjMwM3ogTTEzMS43MzksMzQuMzg5DQoJCWMtMC43NDYtOC45
ODUsNC4yMS0xOS44NDMsMjAuODkyLTIzLjg2M2MwLjI5Ni0wLjA3MSw2LjkxLDAuMjI4LDkuNzUz
LDAuNjc5Yy0xMi41NTMsNi45MjUtMTguMjQ4LDE4LjEyMi0yMC4xNTIsMjYuNzUyDQoJCUMxMzku
NDY4LDM2LjUyOCwxMzYuMDIsMzUuMjU3LDEzMS43MzksMzQuMzg5eiBNMTE3LjAzNywxOC4xOTFj
Mi41Mi0zLjUyMSw3LjA5Mi01LjkwNCwxMy42MjUtNy4xMjcNCgkJYy02LjQxOSw2LjM0MS05LjE3
NiwxNC4zODctOSwyMi4xOWMtMS45MzYtMC4wNjgtMy45ODgtMC4wNjQtNi4xNjMsMC4wMjFDMTE0
LjMzNCwyOC43NDUsMTEzLjc5LDIyLjcyOSwxMTcuMDM3LDE4LjE5MXoNCgkJIE05My4yNCw0MS42
MTdjNC44MDgtNi4xODEsNy44MzktNi44NDksOC45MTktNi44NDljMS42NTIsMCwzLjEyNSwxLjUw
Miw0LjA3MiwyLjc1N2MtOS44ODEsMTEuMTA4LTE1LjY4NiwzNi41MzgtMTguNzE2LDU0Ljc3Mg0K
CQljLTAuMDk4LTAuMTA3LTAuMjA4LTAuMi0wLjMxMy0wLjI5N0M4NS4wNDEsODAuODcxLDgwLjYx
MSw1Ny44NTUsOTMuMjQsNDEuNjE3eiBNOTkuNCwxNTIuNDg3DQoJCWMtMi4zMjgtNC40MTktNC4z
NTQtOS4zMTktNi4wMjUtMTQuNTY0Yy0wLjQ4OC0xLjUzMy0xLjY4NS0yLjczOC0zLjIxNi0zLjIz
NmMtNy4yMjMtMi4zNTMtMTIuMDc2LTkuMDQtMTIuMDc2LTE2LjY0DQoJCWMwLTQuMjY3LDEuNTQ4
LTguMyw0LjI3LTExLjQ0bDIuNzIsNy43NjFjMC43MDksMi4wMjIsMi42MTUsMy4zNDcsNC43MTYs
My4zNDdjMC4xOTcsMCwwLjM5Ni0wLjAxMiwwLjU5Ni0wLjAzNQ0KCQljMi4zMjgtMC4yNzgsNC4x
NS0yLjEzNyw0LjM4My00LjQ3YzEuNTk3LTE2LjAzMyw4LjI0OS01OS40MzgsMTkuODI2LTY5Ljk0
OGMwLjIsMC4wMTQsMC4zOTcsMC4wNDEsMC42MDIsMC4wMw0KCQljMjIuNDY2LTEuMDY5LDI3Ljg1
Myw3LjgzNywyOC4zMDQsOC42NjdjMC43NDMsMi4xNjIsMi43NjQsMy4yNzUsNS4wNjMsMy4wNjlj
MTcuODItMS41NjMsMzYuMDYyLTEuMDM3LDM5LjI1NCwxLjExOA0KCQljMTQuNjU4LDE2LjkwOCwx
NS4zMDQsNTYuODkxLDE1LjMwOSw1Ny4yOTRjMC4wMjksMi40NjksMS44NTcsNC41NDgsNC4zMDMs
NC44OTJjMC4yMzUsMC4wMzMsMC40NjksMC4wNDksMC43LDAuMDQ5DQoJCWMyLjE3OCwwLDQuMTQ0
LTEuNDI0LDQuNzg1LTMuNTYzYzAuMDYyLTAuMjA1LDEuMDktMy42NDcsMi4zOTUtOC43NzJjMy4w
MzYsMy4yMTIsNC43NzQsNy40NzYsNC43NzQsMTIuMDAxDQoJCWMwLDcuNi00Ljg1MywxNC4yODct
MTIuMDc1LDE2LjY0Yy0xLjUzMSwwLjQ5OC0yLjcyOCwxLjcwMy0zLjIxNiwzLjIzNmMtMS42Nyw1
LjI0NC0zLjY5NywxMC4xNDUtNi4wMjQsMTQuNTY0bC0xMy44MTIsMjYuMjMzDQoJCWMtNi4xNDYs
MTEuNjczLTIwLjg5OCwxOS44MjYtMzUuODczLDE5LjgyNnMtMjkuNzI3LTguMTUzLTM1Ljg3My0x
OS44MjZMOTkuNCwxNTIuNDg3eiBNMTEyLjc5NiwyMTYuMzU4DQoJCWMtMC43MjUtNi45NjQtMC40
NDMtMTQuNzI0LDEuNTY4LTIwLjU1M2MzLjI2NywyLjgyOSw2Ljk3Miw1LjI1OSwxMC45NzQsNy4y
MThDMTIxLjczLDIwNS45ODEsMTE3LjAxMywyMTAuNDQxLDExMi43OTYsMjE2LjM1OHoiDQoJCS8+
DQoJPHBhdGggZD0iTTE3OC40NTksMjc2LjcxNWMwLDIuNzYyLDIuMjM5LDUsNSw1aDE3LjM1OGMy
Ljc2MSwwLDUtMi4yMzgsNS01YzAtMi43NjItMi4yMzktNS01LTVoLTE3LjM1OA0KCQlDMTgwLjY5
OCwyNzEuNzE1LDE3OC40NTksMjczLjk1MywxNzguNDU5LDI3Ni43MTV6Ii8+DQoJPHBhdGggZD0i
TTIxNi40NTksMjgxLjcxNWg5YzIuNzYxLDAsNS0yLjIzOCw1LTVjMC0yLjc2Mi0yLjIzOS01LTUt
NWgtOWMtMi43NjEsMC01LDIuMjM4LTUsNQ0KCQlDMjExLjQ1OSwyNzkuNDc3LDIxMy42OTgsMjgx
LjcxNSwyMTYuNDU5LDI4MS43MTV6Ii8+DQo8L2c+DQo8Zz4NCjwvZz4NCjxnPg0KPC9nPg0KPGc+
DQo8L2c+DQo8Zz4NCjwvZz4NCjxnPg0KPC9nPg0KPGc+DQo8L2c+DQo8Zz4NCjwvZz4NCjxnPg0K
PC9nPg0KPGc+DQo8L2c+DQo8Zz4NCjwvZz4NCjxnPg0KPC9nPg0KPGc+DQo8L2c+DQo8Zz4NCjwv
Zz4NCjxnPg0KPC9nPg0KPGc+DQo8L2c+DQo8L3N2Zz4NCg=="
),(
    "Cerise",
    "Rogers",
    "cerrog@gmail.com",
    10,
    "be8249629bee998d3e7e8eb560be7d72265b105a",
    "514 S. Magnolia St.",
    "Orlando",
    "32806",
    "USA",
    "PD94bWwgdmVyc2lvbj0iMS4wIiBlbmNvZGluZz0iaXNvLTg4NTktMSI/Pg0KPCEtLSBHZW5lcmF0
b3I6IEFkb2JlIElsbHVzdHJhdG9yIDE4LjAuMCwgU1ZHIEV4cG9ydCBQbHVnLUluIC4gU1ZHIFZl
cnNpb246IDYuMDAgQnVpbGQgMCkgIC0tPg0KPCFET0NUWVBFIHN2ZyBQVUJMSUMgIi0vL1czQy8v
RFREIFNWRyAxLjEvL0VOIiAiaHR0cDovL3d3dy53My5vcmcvR3JhcGhpY3MvU1ZHLzEuMS9EVEQv
c3ZnMTEuZHRkIj4NCjxzdmcgdmVyc2lvbj0iMS4xIiBpZD0iQ2FwYV8xIiB4bWxucz0iaHR0cDov
L3d3dy53My5vcmcvMjAwMC9zdmciIHhtbG5zOnhsaW5rPSJodHRwOi8vd3d3LnczLm9yZy8xOTk5
L3hsaW5rIiB4PSIwcHgiIHk9IjBweCINCgkgdmlld0JveD0iMCAwIDI5Ny4xNjUgMjk3LjE2NSIg
c3R5bGU9ImVuYWJsZS1iYWNrZ3JvdW5kOm5ldyAwIDAgMjk3LjE2NSAyOTcuMTY1OyIgeG1sOnNw
YWNlPSJwcmVzZXJ2ZSI+DQo8Zz4NCgk8cGF0aCBkPSJNMjE5LjEzMSwxOTIuMTU4Yy02LjMzOC0x
LjA5Ny0xMi44MzItMi43NjgtMTkuODUzLTUuMTA3bC02LjM0Mi0yLjExM2MwLjMwMS0wLjUxNCww
LjU5My0xLjAzMiwwLjg3LTEuNTU4bDEzLjgxMi0yNi4yMzINCgkJYzIuMjUzLTQuMjc5LDQuMjQ3
LTguOTM5LDUuOTQxLTEzLjg4MWM5Ljk4NC00LjMyOCwxNi41MjUtMTQuMTU4LDE2LjUyNS0yNS4y
MTljMC04LjMyOS0zLjczMy0xNi4xMDItMTAuMTEyLTIxLjMwMg0KCQljMC4wODYtMS44MjksMC4y
NDUtNC4zOTQsMC40LTYuOTA0YzAuNzE0LTExLjUyOCwxLjIwNy0yMC42ODYsMC41MzQtMjQuNjk1
Yy0zLjAwMy0yNC4xMzItMTIuMTc4LTQxLjc4OC0yNy4yNy01Mi40NzYNCgkJQzE4MS41OTgsNC4x
NDQsMTY2LjAyLDAsMTQ2LjAxNCwwYy0yLjY1OSwwLTUuNDU1LDAuMDc0LTguMzExLDAuMjIyYy0x
My44NDgsMC43MTEtMjMuNTM3LDQuNzk5LTI4Ljc5OCwxMi4xNQ0KCQljLTIuODYxLDMuOTk3LTQu
MDQyLDguMzk4LTQuMjczLDEyLjYzN2MtMC44MTItMC4xNTktMS42MzgtMC4yNC0yLjQ3My0wLjI0
Yy01LjYyOSwwLTExLjI4NSwzLjYwNC0xNi44MTMsMTAuNzENCgkJYy0xNS40NDgsMTkuODYyLTEw
LjM4LDQ1Ljk2Ni03Ljk0NSw1OC41MTFjMC4xODYsMC45NTgsMC4zOTQsMi4wMywwLjU1OSwyLjk1
MmMtNi4yMzQsNS4xOTktOS44NzUsMTIuODgxLTkuODc1LDIxLjEwNg0KCQljMCwxMS4wNjEsNi41
NDIsMjAuODkxLDE2LjUyNiwyNS4yMTljMS42OTQsNC45NDIsMy42ODgsOS42MDIsNS45NDEsMTMu
ODhsMTMuODEyLDI2LjIzM2MwLjE4OSwwLjM1OSwwLjM4OSwwLjcxMiwwLjU4OSwxLjA2NQ0KCQls
LTYuNjczLDIuMzA3Yy02LjA5MiwyLjEtMTIuOTI3LDMuODk0LTIxLjUxMiw1LjY0N2MtMTkuNDQ1
LDMuOTc3LTMzLjU1OCwyMS4yOTEtMzMuNTU4LDQxLjE2OXY2LjgxM2MwLDIuNzYyLDIuMjM5LDUs
NSw1DQoJCWMyLjc2MSwwLDUtMi4yMzgsNS01di02LjgxM2MwLTE1LjE0OCwxMC43NS0yOC4zNDMs
MjUuNTYtMzEuMzcxYzkuMDIxLTEuODQyLDE2LjI1NS0zLjc0NiwyMi43NzMtNS45OTNsMi41MTUt
MC44NjkNCgkJYy0zLjMyMywxMi42MzItMS4xMTksMjguNTI3LDIuMDI3LDM2LjgyYzAuNzMyLDEu
OTMsMi41NzQsMy4yMTEsNC42MzgsMy4yMjdjMC4wMTIsMCwwLjAyNCwwLDAuMDM3LDANCgkJYzIu
MDQ5LDAsMy44OTItMS4yNTEsNC42NDgtMy4xNThjMy45LTkuODQzLDExLjAxMS0xNy4wNSwxNS44
NTYtMjEuMTA4bDMuMDczLDguMzg0Yy00LjY4NCwxOC4zMTktNy4wMjgsMzcuMTktNi45Niw1Ni4x
MzYNCgkJbDAuMDQ5LDExLjUyOUg1My4yMDh2LTI4YzAtMi43NjItMi4yMzktNS01LTVjLTIuNzYx
LDAtNSwyLjIzOC01LDV2MzNjMCwyLjc2MiwyLjIzOSw1LDUsNWg4NC4yNGMwLjAwNywwLDAuMDE1
LDAsMC4wMjEsMGgzMS45NjgNCgkJYzAuMDA2LDAsMC4wMTMsMCwwLjAyLDBoODQuNTAxYzIuNzYx
LDAsNS0yLjIzOCw1LTV2LTU4LjYwMUMyNTMuOTU3LDIxMy4wNTcsMjM5LjMxLDE5NS42NDMsMjE5
LjEzMSwxOTIuMTU4eiBNMjE3LjQyNywyMDIuMDEyDQoJCWMxNS4zNzMsMi42NTUsMjYuNTMsMTUu
OTI1LDI2LjUzLDMxLjU1M3Y1My42MDFoLTc0LjUzOWwtMC4wNTEtMTMuMjEyYy0wLjA3Ny0xOC4x
NjEtMi4zNjQtMzYuMjM1LTYuNzkzLTUzLjc3Ng0KCQljMC4wMDgtMC4wMjEsMy4zMy05LjA2MSwz
LjMzLTkuMDYxYzQuODQ1LDQuMDU4LDExLjk1NiwxMS4yNjQsMTUuODU3LDIxLjEwOGMwLjc1Niwx
LjkwNywyLjU5OSwzLjE1OCw0LjY0OCwzLjE1OA0KCQljMC4wMTMsMCwwLjAyNSwwLDAuMDM3LDBj
Mi4wNjQtMC4wMTYsMy45MDYtMS4yOTcsNC42MzgtMy4yMjdjMy4xMjgtOC4yNDUsNS4zMjItMjQu
MDA0LDIuMDgyLTM2LjZsMi45NTEsMC45ODMNCgkJQzIwMy42MTgsMTk5LjAzOCwyMTAuNTg4LDIw
MC44MjgsMjE3LjQyNywyMDIuMDEyeiBNMTM3LjQyNywyODcuMTY1bC0wLjAwNy0xLjY3M2wyMS42
MzctMjEuNjM3DQoJCWMwLjE3NCwzLjM3NSwwLjI5Niw2Ljc1NCwwLjMxMSwxMC4xMzlsMC4wMTIs
My4wNThsLTEwLjExMiwxMC4xMTNIMTM3LjQyN3ogTTE4My4wMjUsMTk2LjQ2DQoJCWMxLjgxMyw1
Ljc0NywyLjA0NiwxMy4xOTIsMS4zNDksMTkuODk4Yy00LjA3Mi01LjcxMy04LjYxNi0xMC4wNzYt
MTIuMTcyLTEzLjAzM0MxNzYuMTI5LDIwMS40NjcsMTc5Ljc3NywxOTkuMTU0LDE4My4wMjUsMTk2
LjQ2eg0KCQkgTTE1NC40MTYsMjEzLjM5NWgtMTEuNjY2bC0yLjAyLTUuNTEyYzIuNzQ2LDAuNDM1
LDUuNTQsMC42NjYsOC4zNTQsMC42NjZjMi40NTMsMCw0Ljg5Mi0wLjE3Niw3LjI5Ni0wLjUwOEwx
NTQuNDE2LDIxMy4zOTV6DQoJCSBNMTQzLjY2NCwyMjMuMzk1aDkuMzgzYzAuNzE2LDIuODgxLDEu
Mzg1LDUuNzc0LDEuOTgsOC42ODNsLTE1Ljk2LDE1Ljk2QzE0MC4xMTQsMjM5Ljc0MywxNDEuNjQ4
LDIzMS41MTMsMTQzLjY2NCwyMjMuMzk1eg0KCQkgTTEzNy42OCwyNjMuNTY1bDE5LjQ0LTE5LjQ0
YzAuMzIyLDIuMjE2LDAuNjA5LDQuNDM4LDAuODYxLDYuNjY0bC0yMC41NzIsMjAuNTcyQzEzNy40
NTEsMjY4Ljc2LDEzNy41NDMsMjY2LjE2MSwxMzcuNjgsMjYzLjU2NXoNCgkJIE0yMDEuODc0LDM2
LjQ3YzEuOTk0LDMuNDc2LDMuNjgsNy4zMTUsNS4wOCwxMS41MDRjLTQuMTA4LDEuMDk4LTEwLjY0
NC0wLjIwNS0xMy43MjgtMS4yMjINCgkJYy0wLjc3NS0wLjI1Ni05LjUxNi0yLjE0NS0xNi43Mjkt
Mi40NzlDMTgxLjEyNCwzOS43ODUsMTg5LjE4NCwzNS4wMDQsMjAxLjg3NCwzNi40N3ogTTIwMy4w
NTMsNTguMzgzDQoJCWMyLjE0OSwwLDQuMzYzLTAuMjE0LDYuNDc1LTAuNzcxYzAuNTksMi44MzMs
MS4wODYsNS43ODQsMS40NjksOC44ODJjMC4wMTIsMC4wOTUsMC4wMjYsMC4xODgsMC4wNDMsMC4y
ODINCgkJYzAuNTEsMi44MDMtMC4wODksMTMuMzMzLTAuNTM4LDIwLjY0OWMtMS43MTctOS41OTYt
NC41Ni0yMC4yNjYtOS4yNjEtMjkuMDk2QzIwMS44MzksNTguMzYxLDIwMi40NDIsNTguMzgzLDIw
My4wNTMsNTguMzgzeg0KCQkgTTE5NC4yMDQsMjYuMzAzYy0xNi4wNDQsMS4xMTktMjYuMDczLDEw
LjY0OC0zMC40ODMsMTcuODk4Yy00LjkzMSwwLjEyNi05LjM4MywwLjM4NC0xMi4zMzksMC41ODYN
CgkJYzAuMDI4LTAuMTg2LDEuMTk3LTIzLjc0LDI3LjQ3OC0yOC45MjJDMTg0LjgsMTguNDYsMTg5
LjkwNSwyMS45MywxOTQuMjA0LDI2LjMwM3ogTTEzMS43MzksMzQuMzg5DQoJCWMtMC43NDYtOC45
ODUsNC4yMS0xOS44NDMsMjAuODkyLTIzLjg2M2MwLjI5Ni0wLjA3MSw2LjkxLDAuMjI4LDkuNzUz
LDAuNjc5Yy0xMi41NTMsNi45MjUtMTguMjQ4LDE4LjEyMi0yMC4xNTIsMjYuNzUyDQoJCUMxMzku
NDY4LDM2LjUyOCwxMzYuMDIsMzUuMjU3LDEzMS43MzksMzQuMzg5eiBNMTE3LjAzNywxOC4xOTFj
Mi41Mi0zLjUyMSw3LjA5Mi01LjkwNCwxMy42MjUtNy4xMjcNCgkJYy02LjQxOSw2LjM0MS05LjE3
NiwxNC4zODctOSwyMi4xOWMtMS45MzYtMC4wNjgtMy45ODgtMC4wNjQtNi4xNjMsMC4wMjFDMTE0
LjMzNCwyOC43NDUsMTEzLjc5LDIyLjcyOSwxMTcuMDM3LDE4LjE5MXoNCgkJIE05My4yNCw0MS42
MTdjNC44MDgtNi4xODEsNy44MzktNi44NDksOC45MTktNi44NDljMS42NTIsMCwzLjEyNSwxLjUw
Miw0LjA3MiwyLjc1N2MtOS44ODEsMTEuMTA4LTE1LjY4NiwzNi41MzgtMTguNzE2LDU0Ljc3Mg0K
CQljLTAuMDk4LTAuMTA3LTAuMjA4LTAuMi0wLjMxMy0wLjI5N0M4NS4wNDEsODAuODcxLDgwLjYx
MSw1Ny44NTUsOTMuMjQsNDEuNjE3eiBNOTkuNCwxNTIuNDg3DQoJCWMtMi4zMjgtNC40MTktNC4z
NTQtOS4zMTktNi4wMjUtMTQuNTY0Yy0wLjQ4OC0xLjUzMy0xLjY4NS0yLjczOC0zLjIxNi0zLjIz
NmMtNy4yMjMtMi4zNTMtMTIuMDc2LTkuMDQtMTIuMDc2LTE2LjY0DQoJCWMwLTQuMjY3LDEuNTQ4
LTguMyw0LjI3LTExLjQ0bDIuNzIsNy43NjFjMC43MDksMi4wMjIsMi42MTUsMy4zNDcsNC43MTYs
My4zNDdjMC4xOTcsMCwwLjM5Ni0wLjAxMiwwLjU5Ni0wLjAzNQ0KCQljMi4zMjgtMC4yNzgsNC4x
NS0yLjEzNyw0LjM4My00LjQ3YzEuNTk3LTE2LjAzMyw4LjI0OS01OS40MzgsMTkuODI2LTY5Ljk0
OGMwLjIsMC4wMTQsMC4zOTcsMC4wNDEsMC42MDIsMC4wMw0KCQljMjIuNDY2LTEuMDY5LDI3Ljg1
Myw3LjgzNywyOC4zMDQsOC42NjdjMC43NDMsMi4xNjIsMi43NjQsMy4yNzUsNS4wNjMsMy4wNjlj
MTcuODItMS41NjMsMzYuMDYyLTEuMDM3LDM5LjI1NCwxLjExOA0KCQljMTQuNjU4LDE2LjkwOCwx
NS4zMDQsNTYuODkxLDE1LjMwOSw1Ny4yOTRjMC4wMjksMi40NjksMS44NTcsNC41NDgsNC4zMDMs
NC44OTJjMC4yMzUsMC4wMzMsMC40NjksMC4wNDksMC43LDAuMDQ5DQoJCWMyLjE3OCwwLDQuMTQ0
LTEuNDI0LDQuNzg1LTMuNTYzYzAuMDYyLTAuMjA1LDEuMDktMy42NDcsMi4zOTUtOC43NzJjMy4w
MzYsMy4yMTIsNC43NzQsNy40NzYsNC43NzQsMTIuMDAxDQoJCWMwLDcuNi00Ljg1MywxNC4yODct
MTIuMDc1LDE2LjY0Yy0xLjUzMSwwLjQ5OC0yLjcyOCwxLjcwMy0zLjIxNiwzLjIzNmMtMS42Nyw1
LjI0NC0zLjY5NywxMC4xNDUtNi4wMjQsMTQuNTY0bC0xMy44MTIsMjYuMjMzDQoJCWMtNi4xNDYs
MTEuNjczLTIwLjg5OCwxOS44MjYtMzUuODczLDE5LjgyNnMtMjkuNzI3LTguMTUzLTM1Ljg3My0x
OS44MjZMOTkuNCwxNTIuNDg3eiBNMTEyLjc5NiwyMTYuMzU4DQoJCWMtMC43MjUtNi45NjQtMC40
NDMtMTQuNzI0LDEuNTY4LTIwLjU1M2MzLjI2NywyLjgyOSw2Ljk3Miw1LjI1OSwxMC45NzQsNy4y
MThDMTIxLjczLDIwNS45ODEsMTE3LjAxMywyMTAuNDQxLDExMi43OTYsMjE2LjM1OHoiDQoJCS8+
DQoJPHBhdGggZD0iTTE3OC40NTksMjc2LjcxNWMwLDIuNzYyLDIuMjM5LDUsNSw1aDE3LjM1OGMy
Ljc2MSwwLDUtMi4yMzgsNS01YzAtMi43NjItMi4yMzktNS01LTVoLTE3LjM1OA0KCQlDMTgwLjY5
OCwyNzEuNzE1LDE3OC40NTksMjczLjk1MywxNzguNDU5LDI3Ni43MTV6Ii8+DQoJPHBhdGggZD0i
TTIxNi40NTksMjgxLjcxNWg5YzIuNzYxLDAsNS0yLjIzOCw1LTVjMC0yLjc2Mi0yLjIzOS01LTUt
NWgtOWMtMi43NjEsMC01LDIuMjM4LTUsNQ0KCQlDMjExLjQ1OSwyNzkuNDc3LDIxMy42OTgsMjgx
LjcxNSwyMTYuNDU5LDI4MS43MTV6Ii8+DQo8L2c+DQo8Zz4NCjwvZz4NCjxnPg0KPC9nPg0KPGc+
DQo8L2c+DQo8Zz4NCjwvZz4NCjxnPg0KPC9nPg0KPGc+DQo8L2c+DQo8Zz4NCjwvZz4NCjxnPg0K
PC9nPg0KPGc+DQo8L2c+DQo8Zz4NCjwvZz4NCjxnPg0KPC9nPg0KPGc+DQo8L2c+DQo8Zz4NCjwv
Zz4NCjxnPg0KPC9nPg0KPGc+DQo8L2c+DQo8L3N2Zz4NCg=="
),(
    "Witold",
    "Firmin",
    "witfir@gmail.com",
    95,
    "6a9ff982fce667d36d873a753b3a84af78cb0449",
    "25 Olive Ave.",
    "Macon",
    "31204",
    "USA",
    "PD94bWwgdmVyc2lvbj0iMS4wIiBlbmNvZGluZz0iaXNvLTg4NTktMSI/Pg0KPCEtLSBHZW5lcmF0
b3I6IEFkb2JlIElsbHVzdHJhdG9yIDE4LjAuMCwgU1ZHIEV4cG9ydCBQbHVnLUluIC4gU1ZHIFZl
cnNpb246IDYuMDAgQnVpbGQgMCkgIC0tPg0KPCFET0NUWVBFIHN2ZyBQVUJMSUMgIi0vL1czQy8v
RFREIFNWRyAxLjEvL0VOIiAiaHR0cDovL3d3dy53My5vcmcvR3JhcGhpY3MvU1ZHLzEuMS9EVEQv
c3ZnMTEuZHRkIj4NCjxzdmcgdmVyc2lvbj0iMS4xIiBpZD0iQ2FwYV8xIiB4bWxucz0iaHR0cDov
L3d3dy53My5vcmcvMjAwMC9zdmciIHhtbG5zOnhsaW5rPSJodHRwOi8vd3d3LnczLm9yZy8xOTk5
L3hsaW5rIiB4PSIwcHgiIHk9IjBweCINCgkgdmlld0JveD0iMCAwIDI5Ny4xNjUgMjk3LjE2NSIg
c3R5bGU9ImVuYWJsZS1iYWNrZ3JvdW5kOm5ldyAwIDAgMjk3LjE2NSAyOTcuMTY1OyIgeG1sOnNw
YWNlPSJwcmVzZXJ2ZSI+DQo8Zz4NCgk8cGF0aCBkPSJNMjE5LjEzMSwxOTIuMTU4Yy02LjMzOC0x
LjA5Ny0xMi44MzItMi43NjgtMTkuODUzLTUuMTA3bC02LjM0Mi0yLjExM2MwLjMwMS0wLjUxNCww
LjU5My0xLjAzMiwwLjg3LTEuNTU4bDEzLjgxMi0yNi4yMzINCgkJYzIuMjUzLTQuMjc5LDQuMjQ3
LTguOTM5LDUuOTQxLTEzLjg4MWM5Ljk4NC00LjMyOCwxNi41MjUtMTQuMTU4LDE2LjUyNS0yNS4y
MTljMC04LjMyOS0zLjczMy0xNi4xMDItMTAuMTEyLTIxLjMwMg0KCQljMC4wODYtMS44MjksMC4y
NDUtNC4zOTQsMC40LTYuOTA0YzAuNzE0LTExLjUyOCwxLjIwNy0yMC42ODYsMC41MzQtMjQuNjk1
Yy0zLjAwMy0yNC4xMzItMTIuMTc4LTQxLjc4OC0yNy4yNy01Mi40NzYNCgkJQzE4MS41OTgsNC4x
NDQsMTY2LjAyLDAsMTQ2LjAxNCwwYy0yLjY1OSwwLTUuNDU1LDAuMDc0LTguMzExLDAuMjIyYy0x
My44NDgsMC43MTEtMjMuNTM3LDQuNzk5LTI4Ljc5OCwxMi4xNQ0KCQljLTIuODYxLDMuOTk3LTQu
MDQyLDguMzk4LTQuMjczLDEyLjYzN2MtMC44MTItMC4xNTktMS42MzgtMC4yNC0yLjQ3My0wLjI0
Yy01LjYyOSwwLTExLjI4NSwzLjYwNC0xNi44MTMsMTAuNzENCgkJYy0xNS40NDgsMTkuODYyLTEw
LjM4LDQ1Ljk2Ni03Ljk0NSw1OC41MTFjMC4xODYsMC45NTgsMC4zOTQsMi4wMywwLjU1OSwyLjk1
MmMtNi4yMzQsNS4xOTktOS44NzUsMTIuODgxLTkuODc1LDIxLjEwNg0KCQljMCwxMS4wNjEsNi41
NDIsMjAuODkxLDE2LjUyNiwyNS4yMTljMS42OTQsNC45NDIsMy42ODgsOS42MDIsNS45NDEsMTMu
ODhsMTMuODEyLDI2LjIzM2MwLjE4OSwwLjM1OSwwLjM4OSwwLjcxMiwwLjU4OSwxLjA2NQ0KCQls
LTYuNjczLDIuMzA3Yy02LjA5MiwyLjEtMTIuOTI3LDMuODk0LTIxLjUxMiw1LjY0N2MtMTkuNDQ1
LDMuOTc3LTMzLjU1OCwyMS4yOTEtMzMuNTU4LDQxLjE2OXY2LjgxM2MwLDIuNzYyLDIuMjM5LDUs
NSw1DQoJCWMyLjc2MSwwLDUtMi4yMzgsNS01di02LjgxM2MwLTE1LjE0OCwxMC43NS0yOC4zNDMs
MjUuNTYtMzEuMzcxYzkuMDIxLTEuODQyLDE2LjI1NS0zLjc0NiwyMi43NzMtNS45OTNsMi41MTUt
MC44NjkNCgkJYy0zLjMyMywxMi42MzItMS4xMTksMjguNTI3LDIuMDI3LDM2LjgyYzAuNzMyLDEu
OTMsMi41NzQsMy4yMTEsNC42MzgsMy4yMjdjMC4wMTIsMCwwLjAyNCwwLDAuMDM3LDANCgkJYzIu
MDQ5LDAsMy44OTItMS4yNTEsNC42NDgtMy4xNThjMy45LTkuODQzLDExLjAxMS0xNy4wNSwxNS44
NTYtMjEuMTA4bDMuMDczLDguMzg0Yy00LjY4NCwxOC4zMTktNy4wMjgsMzcuMTktNi45Niw1Ni4x
MzYNCgkJbDAuMDQ5LDExLjUyOUg1My4yMDh2LTI4YzAtMi43NjItMi4yMzktNS01LTVjLTIuNzYx
LDAtNSwyLjIzOC01LDV2MzNjMCwyLjc2MiwyLjIzOSw1LDUsNWg4NC4yNGMwLjAwNywwLDAuMDE1
LDAsMC4wMjEsMGgzMS45NjgNCgkJYzAuMDA2LDAsMC4wMTMsMCwwLjAyLDBoODQuNTAxYzIuNzYx
LDAsNS0yLjIzOCw1LTV2LTU4LjYwMUMyNTMuOTU3LDIxMy4wNTcsMjM5LjMxLDE5NS42NDMsMjE5
LjEzMSwxOTIuMTU4eiBNMjE3LjQyNywyMDIuMDEyDQoJCWMxNS4zNzMsMi42NTUsMjYuNTMsMTUu
OTI1LDI2LjUzLDMxLjU1M3Y1My42MDFoLTc0LjUzOWwtMC4wNTEtMTMuMjEyYy0wLjA3Ny0xOC4x
NjEtMi4zNjQtMzYuMjM1LTYuNzkzLTUzLjc3Ng0KCQljMC4wMDgtMC4wMjEsMy4zMy05LjA2MSwz
LjMzLTkuMDYxYzQuODQ1LDQuMDU4LDExLjk1NiwxMS4yNjQsMTUuODU3LDIxLjEwOGMwLjc1Niwx
LjkwNywyLjU5OSwzLjE1OCw0LjY0OCwzLjE1OA0KCQljMC4wMTMsMCwwLjAyNSwwLDAuMDM3LDBj
Mi4wNjQtMC4wMTYsMy45MDYtMS4yOTcsNC42MzgtMy4yMjdjMy4xMjgtOC4yNDUsNS4zMjItMjQu
MDA0LDIuMDgyLTM2LjZsMi45NTEsMC45ODMNCgkJQzIwMy42MTgsMTk5LjAzOCwyMTAuNTg4LDIw
MC44MjgsMjE3LjQyNywyMDIuMDEyeiBNMTM3LjQyNywyODcuMTY1bC0wLjAwNy0xLjY3M2wyMS42
MzctMjEuNjM3DQoJCWMwLjE3NCwzLjM3NSwwLjI5Niw2Ljc1NCwwLjMxMSwxMC4xMzlsMC4wMTIs
My4wNThsLTEwLjExMiwxMC4xMTNIMTM3LjQyN3ogTTE4My4wMjUsMTk2LjQ2DQoJCWMxLjgxMyw1
Ljc0NywyLjA0NiwxMy4xOTIsMS4zNDksMTkuODk4Yy00LjA3Mi01LjcxMy04LjYxNi0xMC4wNzYt
MTIuMTcyLTEzLjAzM0MxNzYuMTI5LDIwMS40NjcsMTc5Ljc3NywxOTkuMTU0LDE4My4wMjUsMTk2
LjQ2eg0KCQkgTTE1NC40MTYsMjEzLjM5NWgtMTEuNjY2bC0yLjAyLTUuNTEyYzIuNzQ2LDAuNDM1
LDUuNTQsMC42NjYsOC4zNTQsMC42NjZjMi40NTMsMCw0Ljg5Mi0wLjE3Niw3LjI5Ni0wLjUwOEwx
NTQuNDE2LDIxMy4zOTV6DQoJCSBNMTQzLjY2NCwyMjMuMzk1aDkuMzgzYzAuNzE2LDIuODgxLDEu
Mzg1LDUuNzc0LDEuOTgsOC42ODNsLTE1Ljk2LDE1Ljk2QzE0MC4xMTQsMjM5Ljc0MywxNDEuNjQ4
LDIzMS41MTMsMTQzLjY2NCwyMjMuMzk1eg0KCQkgTTEzNy42OCwyNjMuNTY1bDE5LjQ0LTE5LjQ0
YzAuMzIyLDIuMjE2LDAuNjA5LDQuNDM4LDAuODYxLDYuNjY0bC0yMC41NzIsMjAuNTcyQzEzNy40
NTEsMjY4Ljc2LDEzNy41NDMsMjY2LjE2MSwxMzcuNjgsMjYzLjU2NXoNCgkJIE0yMDEuODc0LDM2
LjQ3YzEuOTk0LDMuNDc2LDMuNjgsNy4zMTUsNS4wOCwxMS41MDRjLTQuMTA4LDEuMDk4LTEwLjY0
NC0wLjIwNS0xMy43MjgtMS4yMjINCgkJYy0wLjc3NS0wLjI1Ni05LjUxNi0yLjE0NS0xNi43Mjkt
Mi40NzlDMTgxLjEyNCwzOS43ODUsMTg5LjE4NCwzNS4wMDQsMjAxLjg3NCwzNi40N3ogTTIwMy4w
NTMsNTguMzgzDQoJCWMyLjE0OSwwLDQuMzYzLTAuMjE0LDYuNDc1LTAuNzcxYzAuNTksMi44MzMs
MS4wODYsNS43ODQsMS40NjksOC44ODJjMC4wMTIsMC4wOTUsMC4wMjYsMC4xODgsMC4wNDMsMC4y
ODINCgkJYzAuNTEsMi44MDMtMC4wODksMTMuMzMzLTAuNTM4LDIwLjY0OWMtMS43MTctOS41OTYt
NC41Ni0yMC4yNjYtOS4yNjEtMjkuMDk2QzIwMS44MzksNTguMzYxLDIwMi40NDIsNTguMzgzLDIw
My4wNTMsNTguMzgzeg0KCQkgTTE5NC4yMDQsMjYuMzAzYy0xNi4wNDQsMS4xMTktMjYuMDczLDEw
LjY0OC0zMC40ODMsMTcuODk4Yy00LjkzMSwwLjEyNi05LjM4MywwLjM4NC0xMi4zMzksMC41ODYN
CgkJYzAuMDI4LTAuMTg2LDEuMTk3LTIzLjc0LDI3LjQ3OC0yOC45MjJDMTg0LjgsMTguNDYsMTg5
LjkwNSwyMS45MywxOTQuMjA0LDI2LjMwM3ogTTEzMS43MzksMzQuMzg5DQoJCWMtMC43NDYtOC45
ODUsNC4yMS0xOS44NDMsMjAuODkyLTIzLjg2M2MwLjI5Ni0wLjA3MSw2LjkxLDAuMjI4LDkuNzUz
LDAuNjc5Yy0xMi41NTMsNi45MjUtMTguMjQ4LDE4LjEyMi0yMC4xNTIsMjYuNzUyDQoJCUMxMzku
NDY4LDM2LjUyOCwxMzYuMDIsMzUuMjU3LDEzMS43MzksMzQuMzg5eiBNMTE3LjAzNywxOC4xOTFj
Mi41Mi0zLjUyMSw3LjA5Mi01LjkwNCwxMy42MjUtNy4xMjcNCgkJYy02LjQxOSw2LjM0MS05LjE3
NiwxNC4zODctOSwyMi4xOWMtMS45MzYtMC4wNjgtMy45ODgtMC4wNjQtNi4xNjMsMC4wMjFDMTE0
LjMzNCwyOC43NDUsMTEzLjc5LDIyLjcyOSwxMTcuMDM3LDE4LjE5MXoNCgkJIE05My4yNCw0MS42
MTdjNC44MDgtNi4xODEsNy44MzktNi44NDksOC45MTktNi44NDljMS42NTIsMCwzLjEyNSwxLjUw
Miw0LjA3MiwyLjc1N2MtOS44ODEsMTEuMTA4LTE1LjY4NiwzNi41MzgtMTguNzE2LDU0Ljc3Mg0K
CQljLTAuMDk4LTAuMTA3LTAuMjA4LTAuMi0wLjMxMy0wLjI5N0M4NS4wNDEsODAuODcxLDgwLjYx
MSw1Ny44NTUsOTMuMjQsNDEuNjE3eiBNOTkuNCwxNTIuNDg3DQoJCWMtMi4zMjgtNC40MTktNC4z
NTQtOS4zMTktNi4wMjUtMTQuNTY0Yy0wLjQ4OC0xLjUzMy0xLjY4NS0yLjczOC0zLjIxNi0zLjIz
NmMtNy4yMjMtMi4zNTMtMTIuMDc2LTkuMDQtMTIuMDc2LTE2LjY0DQoJCWMwLTQuMjY3LDEuNTQ4
LTguMyw0LjI3LTExLjQ0bDIuNzIsNy43NjFjMC43MDksMi4wMjIsMi42MTUsMy4zNDcsNC43MTYs
My4zNDdjMC4xOTcsMCwwLjM5Ni0wLjAxMiwwLjU5Ni0wLjAzNQ0KCQljMi4zMjgtMC4yNzgsNC4x
NS0yLjEzNyw0LjM4My00LjQ3YzEuNTk3LTE2LjAzMyw4LjI0OS01OS40MzgsMTkuODI2LTY5Ljk0
OGMwLjIsMC4wMTQsMC4zOTcsMC4wNDEsMC42MDIsMC4wMw0KCQljMjIuNDY2LTEuMDY5LDI3Ljg1
Myw3LjgzNywyOC4zMDQsOC42NjdjMC43NDMsMi4xNjIsMi43NjQsMy4yNzUsNS4wNjMsMy4wNjlj
MTcuODItMS41NjMsMzYuMDYyLTEuMDM3LDM5LjI1NCwxLjExOA0KCQljMTQuNjU4LDE2LjkwOCwx
NS4zMDQsNTYuODkxLDE1LjMwOSw1Ny4yOTRjMC4wMjksMi40NjksMS44NTcsNC41NDgsNC4zMDMs
NC44OTJjMC4yMzUsMC4wMzMsMC40NjksMC4wNDksMC43LDAuMDQ5DQoJCWMyLjE3OCwwLDQuMTQ0
LTEuNDI0LDQuNzg1LTMuNTYzYzAuMDYyLTAuMjA1LDEuMDktMy42NDcsMi4zOTUtOC43NzJjMy4w
MzYsMy4yMTIsNC43NzQsNy40NzYsNC43NzQsMTIuMDAxDQoJCWMwLDcuNi00Ljg1MywxNC4yODct
MTIuMDc1LDE2LjY0Yy0xLjUzMSwwLjQ5OC0yLjcyOCwxLjcwMy0zLjIxNiwzLjIzNmMtMS42Nyw1
LjI0NC0zLjY5NywxMC4xNDUtNi4wMjQsMTQuNTY0bC0xMy44MTIsMjYuMjMzDQoJCWMtNi4xNDYs
MTEuNjczLTIwLjg5OCwxOS44MjYtMzUuODczLDE5LjgyNnMtMjkuNzI3LTguMTUzLTM1Ljg3My0x
OS44MjZMOTkuNCwxNTIuNDg3eiBNMTEyLjc5NiwyMTYuMzU4DQoJCWMtMC43MjUtNi45NjQtMC40
NDMtMTQuNzI0LDEuNTY4LTIwLjU1M2MzLjI2NywyLjgyOSw2Ljk3Miw1LjI1OSwxMC45NzQsNy4y
MThDMTIxLjczLDIwNS45ODEsMTE3LjAxMywyMTAuNDQxLDExMi43OTYsMjE2LjM1OHoiDQoJCS8+
DQoJPHBhdGggZD0iTTE3OC40NTksMjc2LjcxNWMwLDIuNzYyLDIuMjM5LDUsNSw1aDE3LjM1OGMy
Ljc2MSwwLDUtMi4yMzgsNS01YzAtMi43NjItMi4yMzktNS01LTVoLTE3LjM1OA0KCQlDMTgwLjY5
OCwyNzEuNzE1LDE3OC40NTksMjczLjk1MywxNzguNDU5LDI3Ni43MTV6Ii8+DQoJPHBhdGggZD0i
TTIxNi40NTksMjgxLjcxNWg5YzIuNzYxLDAsNS0yLjIzOCw1LTVjMC0yLjc2Mi0yLjIzOS01LTUt
NWgtOWMtMi43NjEsMC01LDIuMjM4LTUsNQ0KCQlDMjExLjQ1OSwyNzkuNDc3LDIxMy42OTgsMjgx
LjcxNSwyMTYuNDU5LDI4MS43MTV6Ii8+DQo8L2c+DQo8Zz4NCjwvZz4NCjxnPg0KPC9nPg0KPGc+
DQo8L2c+DQo8Zz4NCjwvZz4NCjxnPg0KPC9nPg0KPGc+DQo8L2c+DQo8Zz4NCjwvZz4NCjxnPg0K
PC9nPg0KPGc+DQo8L2c+DQo8Zz4NCjwvZz4NCjxnPg0KPC9nPg0KPGc+DQo8L2c+DQo8Zz4NCjwv
Zz4NCjxnPg0KPC9nPg0KPGc+DQo8L2c+DQo8L3N2Zz4NCg=="
),(
    "Din",
    "Huffmann",
    "dinhuf@gmail.com",
    25,
    "4af0c97c192f81a0e69ec9844780b0a00ebbe228",
    "241 North Winding Way Rd.",
    "Kearny",
    "07032",
    "USA",
    "PD94bWwgdmVyc2lvbj0iMS4wIiBlbmNvZGluZz0iaXNvLTg4NTktMSI/Pg0KPCEtLSBHZW5lcmF0
b3I6IEFkb2JlIElsbHVzdHJhdG9yIDE4LjAuMCwgU1ZHIEV4cG9ydCBQbHVnLUluIC4gU1ZHIFZl
cnNpb246IDYuMDAgQnVpbGQgMCkgIC0tPg0KPCFET0NUWVBFIHN2ZyBQVUJMSUMgIi0vL1czQy8v
RFREIFNWRyAxLjEvL0VOIiAiaHR0cDovL3d3dy53My5vcmcvR3JhcGhpY3MvU1ZHLzEuMS9EVEQv
c3ZnMTEuZHRkIj4NCjxzdmcgdmVyc2lvbj0iMS4xIiBpZD0iQ2FwYV8xIiB4bWxucz0iaHR0cDov
L3d3dy53My5vcmcvMjAwMC9zdmciIHhtbG5zOnhsaW5rPSJodHRwOi8vd3d3LnczLm9yZy8xOTk5
L3hsaW5rIiB4PSIwcHgiIHk9IjBweCINCgkgdmlld0JveD0iMCAwIDI5Ny4xNjUgMjk3LjE2NSIg
c3R5bGU9ImVuYWJsZS1iYWNrZ3JvdW5kOm5ldyAwIDAgMjk3LjE2NSAyOTcuMTY1OyIgeG1sOnNw
YWNlPSJwcmVzZXJ2ZSI+DQo8Zz4NCgk8cGF0aCBkPSJNMjE5LjEzMSwxOTIuMTU4Yy02LjMzOC0x
LjA5Ny0xMi44MzItMi43NjgtMTkuODUzLTUuMTA3bC02LjM0Mi0yLjExM2MwLjMwMS0wLjUxNCww
LjU5My0xLjAzMiwwLjg3LTEuNTU4bDEzLjgxMi0yNi4yMzINCgkJYzIuMjUzLTQuMjc5LDQuMjQ3
LTguOTM5LDUuOTQxLTEzLjg4MWM5Ljk4NC00LjMyOCwxNi41MjUtMTQuMTU4LDE2LjUyNS0yNS4y
MTljMC04LjMyOS0zLjczMy0xNi4xMDItMTAuMTEyLTIxLjMwMg0KCQljMC4wODYtMS44MjksMC4y
NDUtNC4zOTQsMC40LTYuOTA0YzAuNzE0LTExLjUyOCwxLjIwNy0yMC42ODYsMC41MzQtMjQuNjk1
Yy0zLjAwMy0yNC4xMzItMTIuMTc4LTQxLjc4OC0yNy4yNy01Mi40NzYNCgkJQzE4MS41OTgsNC4x
NDQsMTY2LjAyLDAsMTQ2LjAxNCwwYy0yLjY1OSwwLTUuNDU1LDAuMDc0LTguMzExLDAuMjIyYy0x
My44NDgsMC43MTEtMjMuNTM3LDQuNzk5LTI4Ljc5OCwxMi4xNQ0KCQljLTIuODYxLDMuOTk3LTQu
MDQyLDguMzk4LTQuMjczLDEyLjYzN2MtMC44MTItMC4xNTktMS42MzgtMC4yNC0yLjQ3My0wLjI0
Yy01LjYyOSwwLTExLjI4NSwzLjYwNC0xNi44MTMsMTAuNzENCgkJYy0xNS40NDgsMTkuODYyLTEw
LjM4LDQ1Ljk2Ni03Ljk0NSw1OC41MTFjMC4xODYsMC45NTgsMC4zOTQsMi4wMywwLjU1OSwyLjk1
MmMtNi4yMzQsNS4xOTktOS44NzUsMTIuODgxLTkuODc1LDIxLjEwNg0KCQljMCwxMS4wNjEsNi41
NDIsMjAuODkxLDE2LjUyNiwyNS4yMTljMS42OTQsNC45NDIsMy42ODgsOS42MDIsNS45NDEsMTMu
ODhsMTMuODEyLDI2LjIzM2MwLjE4OSwwLjM1OSwwLjM4OSwwLjcxMiwwLjU4OSwxLjA2NQ0KCQls
LTYuNjczLDIuMzA3Yy02LjA5MiwyLjEtMTIuOTI3LDMuODk0LTIxLjUxMiw1LjY0N2MtMTkuNDQ1
LDMuOTc3LTMzLjU1OCwyMS4yOTEtMzMuNTU4LDQxLjE2OXY2LjgxM2MwLDIuNzYyLDIuMjM5LDUs
NSw1DQoJCWMyLjc2MSwwLDUtMi4yMzgsNS01di02LjgxM2MwLTE1LjE0OCwxMC43NS0yOC4zNDMs
MjUuNTYtMzEuMzcxYzkuMDIxLTEuODQyLDE2LjI1NS0zLjc0NiwyMi43NzMtNS45OTNsMi41MTUt
MC44NjkNCgkJYy0zLjMyMywxMi42MzItMS4xMTksMjguNTI3LDIuMDI3LDM2LjgyYzAuNzMyLDEu
OTMsMi41NzQsMy4yMTEsNC42MzgsMy4yMjdjMC4wMTIsMCwwLjAyNCwwLDAuMDM3LDANCgkJYzIu
MDQ5LDAsMy44OTItMS4yNTEsNC42NDgtMy4xNThjMy45LTkuODQzLDExLjAxMS0xNy4wNSwxNS44
NTYtMjEuMTA4bDMuMDczLDguMzg0Yy00LjY4NCwxOC4zMTktNy4wMjgsMzcuMTktNi45Niw1Ni4x
MzYNCgkJbDAuMDQ5LDExLjUyOUg1My4yMDh2LTI4YzAtMi43NjItMi4yMzktNS01LTVjLTIuNzYx
LDAtNSwyLjIzOC01LDV2MzNjMCwyLjc2MiwyLjIzOSw1LDUsNWg4NC4yNGMwLjAwNywwLDAuMDE1
LDAsMC4wMjEsMGgzMS45NjgNCgkJYzAuMDA2LDAsMC4wMTMsMCwwLjAyLDBoODQuNTAxYzIuNzYx
LDAsNS0yLjIzOCw1LTV2LTU4LjYwMUMyNTMuOTU3LDIxMy4wNTcsMjM5LjMxLDE5NS42NDMsMjE5
LjEzMSwxOTIuMTU4eiBNMjE3LjQyNywyMDIuMDEyDQoJCWMxNS4zNzMsMi42NTUsMjYuNTMsMTUu
OTI1LDI2LjUzLDMxLjU1M3Y1My42MDFoLTc0LjUzOWwtMC4wNTEtMTMuMjEyYy0wLjA3Ny0xOC4x
NjEtMi4zNjQtMzYuMjM1LTYuNzkzLTUzLjc3Ng0KCQljMC4wMDgtMC4wMjEsMy4zMy05LjA2MSwz
LjMzLTkuMDYxYzQuODQ1LDQuMDU4LDExLjk1NiwxMS4yNjQsMTUuODU3LDIxLjEwOGMwLjc1Niwx
LjkwNywyLjU5OSwzLjE1OCw0LjY0OCwzLjE1OA0KCQljMC4wMTMsMCwwLjAyNSwwLDAuMDM3LDBj
Mi4wNjQtMC4wMTYsMy45MDYtMS4yOTcsNC42MzgtMy4yMjdjMy4xMjgtOC4yNDUsNS4zMjItMjQu
MDA0LDIuMDgyLTM2LjZsMi45NTEsMC45ODMNCgkJQzIwMy42MTgsMTk5LjAzOCwyMTAuNTg4LDIw
MC44MjgsMjE3LjQyNywyMDIuMDEyeiBNMTM3LjQyNywyODcuMTY1bC0wLjAwNy0xLjY3M2wyMS42
MzctMjEuNjM3DQoJCWMwLjE3NCwzLjM3NSwwLjI5Niw2Ljc1NCwwLjMxMSwxMC4xMzlsMC4wMTIs
My4wNThsLTEwLjExMiwxMC4xMTNIMTM3LjQyN3ogTTE4My4wMjUsMTk2LjQ2DQoJCWMxLjgxMyw1
Ljc0NywyLjA0NiwxMy4xOTIsMS4zNDksMTkuODk4Yy00LjA3Mi01LjcxMy04LjYxNi0xMC4wNzYt
MTIuMTcyLTEzLjAzM0MxNzYuMTI5LDIwMS40NjcsMTc5Ljc3NywxOTkuMTU0LDE4My4wMjUsMTk2
LjQ2eg0KCQkgTTE1NC40MTYsMjEzLjM5NWgtMTEuNjY2bC0yLjAyLTUuNTEyYzIuNzQ2LDAuNDM1
LDUuNTQsMC42NjYsOC4zNTQsMC42NjZjMi40NTMsMCw0Ljg5Mi0wLjE3Niw3LjI5Ni0wLjUwOEwx
NTQuNDE2LDIxMy4zOTV6DQoJCSBNMTQzLjY2NCwyMjMuMzk1aDkuMzgzYzAuNzE2LDIuODgxLDEu
Mzg1LDUuNzc0LDEuOTgsOC42ODNsLTE1Ljk2LDE1Ljk2QzE0MC4xMTQsMjM5Ljc0MywxNDEuNjQ4
LDIzMS41MTMsMTQzLjY2NCwyMjMuMzk1eg0KCQkgTTEzNy42OCwyNjMuNTY1bDE5LjQ0LTE5LjQ0
YzAuMzIyLDIuMjE2LDAuNjA5LDQuNDM4LDAuODYxLDYuNjY0bC0yMC41NzIsMjAuNTcyQzEzNy40
NTEsMjY4Ljc2LDEzNy41NDMsMjY2LjE2MSwxMzcuNjgsMjYzLjU2NXoNCgkJIE0yMDEuODc0LDM2
LjQ3YzEuOTk0LDMuNDc2LDMuNjgsNy4zMTUsNS4wOCwxMS41MDRjLTQuMTA4LDEuMDk4LTEwLjY0
NC0wLjIwNS0xMy43MjgtMS4yMjINCgkJYy0wLjc3NS0wLjI1Ni05LjUxNi0yLjE0NS0xNi43Mjkt
Mi40NzlDMTgxLjEyNCwzOS43ODUsMTg5LjE4NCwzNS4wMDQsMjAxLjg3NCwzNi40N3ogTTIwMy4w
NTMsNTguMzgzDQoJCWMyLjE0OSwwLDQuMzYzLTAuMjE0LDYuNDc1LTAuNzcxYzAuNTksMi44MzMs
MS4wODYsNS43ODQsMS40NjksOC44ODJjMC4wMTIsMC4wOTUsMC4wMjYsMC4xODgsMC4wNDMsMC4y
ODINCgkJYzAuNTEsMi44MDMtMC4wODksMTMuMzMzLTAuNTM4LDIwLjY0OWMtMS43MTctOS41OTYt
NC41Ni0yMC4yNjYtOS4yNjEtMjkuMDk2QzIwMS44MzksNTguMzYxLDIwMi40NDIsNTguMzgzLDIw
My4wNTMsNTguMzgzeg0KCQkgTTE5NC4yMDQsMjYuMzAzYy0xNi4wNDQsMS4xMTktMjYuMDczLDEw
LjY0OC0zMC40ODMsMTcuODk4Yy00LjkzMSwwLjEyNi05LjM4MywwLjM4NC0xMi4zMzksMC41ODYN
CgkJYzAuMDI4LTAuMTg2LDEuMTk3LTIzLjc0LDI3LjQ3OC0yOC45MjJDMTg0LjgsMTguNDYsMTg5
LjkwNSwyMS45MywxOTQuMjA0LDI2LjMwM3ogTTEzMS43MzksMzQuMzg5DQoJCWMtMC43NDYtOC45
ODUsNC4yMS0xOS44NDMsMjAuODkyLTIzLjg2M2MwLjI5Ni0wLjA3MSw2LjkxLDAuMjI4LDkuNzUz
LDAuNjc5Yy0xMi41NTMsNi45MjUtMTguMjQ4LDE4LjEyMi0yMC4xNTIsMjYuNzUyDQoJCUMxMzku
NDY4LDM2LjUyOCwxMzYuMDIsMzUuMjU3LDEzMS43MzksMzQuMzg5eiBNMTE3LjAzNywxOC4xOTFj
Mi41Mi0zLjUyMSw3LjA5Mi01LjkwNCwxMy42MjUtNy4xMjcNCgkJYy02LjQxOSw2LjM0MS05LjE3
NiwxNC4zODctOSwyMi4xOWMtMS45MzYtMC4wNjgtMy45ODgtMC4wNjQtNi4xNjMsMC4wMjFDMTE0
LjMzNCwyOC43NDUsMTEzLjc5LDIyLjcyOSwxMTcuMDM3LDE4LjE5MXoNCgkJIE05My4yNCw0MS42
MTdjNC44MDgtNi4xODEsNy44MzktNi44NDksOC45MTktNi44NDljMS42NTIsMCwzLjEyNSwxLjUw
Miw0LjA3MiwyLjc1N2MtOS44ODEsMTEuMTA4LTE1LjY4NiwzNi41MzgtMTguNzE2LDU0Ljc3Mg0K
CQljLTAuMDk4LTAuMTA3LTAuMjA4LTAuMi0wLjMxMy0wLjI5N0M4NS4wNDEsODAuODcxLDgwLjYx
MSw1Ny44NTUsOTMuMjQsNDEuNjE3eiBNOTkuNCwxNTIuNDg3DQoJCWMtMi4zMjgtNC40MTktNC4z
NTQtOS4zMTktNi4wMjUtMTQuNTY0Yy0wLjQ4OC0xLjUzMy0xLjY4NS0yLjczOC0zLjIxNi0zLjIz
NmMtNy4yMjMtMi4zNTMtMTIuMDc2LTkuMDQtMTIuMDc2LTE2LjY0DQoJCWMwLTQuMjY3LDEuNTQ4
LTguMyw0LjI3LTExLjQ0bDIuNzIsNy43NjFjMC43MDksMi4wMjIsMi42MTUsMy4zNDcsNC43MTYs
My4zNDdjMC4xOTcsMCwwLjM5Ni0wLjAxMiwwLjU5Ni0wLjAzNQ0KCQljMi4zMjgtMC4yNzgsNC4x
NS0yLjEzNyw0LjM4My00LjQ3YzEuNTk3LTE2LjAzMyw4LjI0OS01OS40MzgsMTkuODI2LTY5Ljk0
OGMwLjIsMC4wMTQsMC4zOTcsMC4wNDEsMC42MDIsMC4wMw0KCQljMjIuNDY2LTEuMDY5LDI3Ljg1
Myw3LjgzNywyOC4zMDQsOC42NjdjMC43NDMsMi4xNjIsMi43NjQsMy4yNzUsNS4wNjMsMy4wNjlj
MTcuODItMS41NjMsMzYuMDYyLTEuMDM3LDM5LjI1NCwxLjExOA0KCQljMTQuNjU4LDE2LjkwOCwx
NS4zMDQsNTYuODkxLDE1LjMwOSw1Ny4yOTRjMC4wMjksMi40NjksMS44NTcsNC41NDgsNC4zMDMs
NC44OTJjMC4yMzUsMC4wMzMsMC40NjksMC4wNDksMC43LDAuMDQ5DQoJCWMyLjE3OCwwLDQuMTQ0
LTEuNDI0LDQuNzg1LTMuNTYzYzAuMDYyLTAuMjA1LDEuMDktMy42NDcsMi4zOTUtOC43NzJjMy4w
MzYsMy4yMTIsNC43NzQsNy40NzYsNC43NzQsMTIuMDAxDQoJCWMwLDcuNi00Ljg1MywxNC4yODct
MTIuMDc1LDE2LjY0Yy0xLjUzMSwwLjQ5OC0yLjcyOCwxLjcwMy0zLjIxNiwzLjIzNmMtMS42Nyw1
LjI0NC0zLjY5NywxMC4xNDUtNi4wMjQsMTQuNTY0bC0xMy44MTIsMjYuMjMzDQoJCWMtNi4xNDYs
MTEuNjczLTIwLjg5OCwxOS44MjYtMzUuODczLDE5LjgyNnMtMjkuNzI3LTguMTUzLTM1Ljg3My0x
OS44MjZMOTkuNCwxNTIuNDg3eiBNMTEyLjc5NiwyMTYuMzU4DQoJCWMtMC43MjUtNi45NjQtMC40
NDMtMTQuNzI0LDEuNTY4LTIwLjU1M2MzLjI2NywyLjgyOSw2Ljk3Miw1LjI1OSwxMC45NzQsNy4y
MThDMTIxLjczLDIwNS45ODEsMTE3LjAxMywyMTAuNDQxLDExMi43OTYsMjE2LjM1OHoiDQoJCS8+
DQoJPHBhdGggZD0iTTE3OC40NTksMjc2LjcxNWMwLDIuNzYyLDIuMjM5LDUsNSw1aDE3LjM1OGMy
Ljc2MSwwLDUtMi4yMzgsNS01YzAtMi43NjItMi4yMzktNS01LTVoLTE3LjM1OA0KCQlDMTgwLjY5
OCwyNzEuNzE1LDE3OC40NTksMjczLjk1MywxNzguNDU5LDI3Ni43MTV6Ii8+DQoJPHBhdGggZD0i
TTIxNi40NTksMjgxLjcxNWg5YzIuNzYxLDAsNS0yLjIzOCw1LTVjMC0yLjc2Mi0yLjIzOS01LTUt
NWgtOWMtMi43NjEsMC01LDIuMjM4LTUsNQ0KCQlDMjExLjQ1OSwyNzkuNDc3LDIxMy42OTgsMjgx
LjcxNSwyMTYuNDU5LDI4MS43MTV6Ii8+DQo8L2c+DQo8Zz4NCjwvZz4NCjxnPg0KPC9nPg0KPGc+
DQo8L2c+DQo8Zz4NCjwvZz4NCjxnPg0KPC9nPg0KPGc+DQo8L2c+DQo8Zz4NCjwvZz4NCjxnPg0K
PC9nPg0KPGc+DQo8L2c+DQo8Zz4NCjwvZz4NCjxnPg0KPC9nPg0KPGc+DQo8L2c+DQo8Zz4NCjwv
Zz4NCjxnPg0KPC9nPg0KPGc+DQo8L2c+DQo8L3N2Zz4NCg=="
),(
    "Raj",
    "Patel",
    "rajpat@gmail.com",
    15,
    "a6ff1c403fff1d5b157a718e94a84d110f2cd7d6",
    "578 Foster St.",
    "Drexel Hill",
    "19026",
    "USA",
    "PD94bWwgdmVyc2lvbj0iMS4wIiBlbmNvZGluZz0iaXNvLTg4NTktMSI/Pg0KPCEtLSBHZW5lcmF0
b3I6IEFkb2JlIElsbHVzdHJhdG9yIDE4LjAuMCwgU1ZHIEV4cG9ydCBQbHVnLUluIC4gU1ZHIFZl
cnNpb246IDYuMDAgQnVpbGQgMCkgIC0tPg0KPCFET0NUWVBFIHN2ZyBQVUJMSUMgIi0vL1czQy8v
RFREIFNWRyAxLjEvL0VOIiAiaHR0cDovL3d3dy53My5vcmcvR3JhcGhpY3MvU1ZHLzEuMS9EVEQv
c3ZnMTEuZHRkIj4NCjxzdmcgdmVyc2lvbj0iMS4xIiBpZD0iQ2FwYV8xIiB4bWxucz0iaHR0cDov
L3d3dy53My5vcmcvMjAwMC9zdmciIHhtbG5zOnhsaW5rPSJodHRwOi8vd3d3LnczLm9yZy8xOTk5
L3hsaW5rIiB4PSIwcHgiIHk9IjBweCINCgkgdmlld0JveD0iMCAwIDI5Ny4xNjUgMjk3LjE2NSIg
c3R5bGU9ImVuYWJsZS1iYWNrZ3JvdW5kOm5ldyAwIDAgMjk3LjE2NSAyOTcuMTY1OyIgeG1sOnNw
YWNlPSJwcmVzZXJ2ZSI+DQo8Zz4NCgk8cGF0aCBkPSJNMjE5LjEzMSwxOTIuMTU4Yy02LjMzOC0x
LjA5Ny0xMi44MzItMi43NjgtMTkuODUzLTUuMTA3bC02LjM0Mi0yLjExM2MwLjMwMS0wLjUxNCww
LjU5My0xLjAzMiwwLjg3LTEuNTU4bDEzLjgxMi0yNi4yMzINCgkJYzIuMjUzLTQuMjc5LDQuMjQ3
LTguOTM5LDUuOTQxLTEzLjg4MWM5Ljk4NC00LjMyOCwxNi41MjUtMTQuMTU4LDE2LjUyNS0yNS4y
MTljMC04LjMyOS0zLjczMy0xNi4xMDItMTAuMTEyLTIxLjMwMg0KCQljMC4wODYtMS44MjksMC4y
NDUtNC4zOTQsMC40LTYuOTA0YzAuNzE0LTExLjUyOCwxLjIwNy0yMC42ODYsMC41MzQtMjQuNjk1
Yy0zLjAwMy0yNC4xMzItMTIuMTc4LTQxLjc4OC0yNy4yNy01Mi40NzYNCgkJQzE4MS41OTgsNC4x
NDQsMTY2LjAyLDAsMTQ2LjAxNCwwYy0yLjY1OSwwLTUuNDU1LDAuMDc0LTguMzExLDAuMjIyYy0x
My44NDgsMC43MTEtMjMuNTM3LDQuNzk5LTI4Ljc5OCwxMi4xNQ0KCQljLTIuODYxLDMuOTk3LTQu
MDQyLDguMzk4LTQuMjczLDEyLjYzN2MtMC44MTItMC4xNTktMS42MzgtMC4yNC0yLjQ3My0wLjI0
Yy01LjYyOSwwLTExLjI4NSwzLjYwNC0xNi44MTMsMTAuNzENCgkJYy0xNS40NDgsMTkuODYyLTEw
LjM4LDQ1Ljk2Ni03Ljk0NSw1OC41MTFjMC4xODYsMC45NTgsMC4zOTQsMi4wMywwLjU1OSwyLjk1
MmMtNi4yMzQsNS4xOTktOS44NzUsMTIuODgxLTkuODc1LDIxLjEwNg0KCQljMCwxMS4wNjEsNi41
NDIsMjAuODkxLDE2LjUyNiwyNS4yMTljMS42OTQsNC45NDIsMy42ODgsOS42MDIsNS45NDEsMTMu
ODhsMTMuODEyLDI2LjIzM2MwLjE4OSwwLjM1OSwwLjM4OSwwLjcxMiwwLjU4OSwxLjA2NQ0KCQls
LTYuNjczLDIuMzA3Yy02LjA5MiwyLjEtMTIuOTI3LDMuODk0LTIxLjUxMiw1LjY0N2MtMTkuNDQ1
LDMuOTc3LTMzLjU1OCwyMS4yOTEtMzMuNTU4LDQxLjE2OXY2LjgxM2MwLDIuNzYyLDIuMjM5LDUs
NSw1DQoJCWMyLjc2MSwwLDUtMi4yMzgsNS01di02LjgxM2MwLTE1LjE0OCwxMC43NS0yOC4zNDMs
MjUuNTYtMzEuMzcxYzkuMDIxLTEuODQyLDE2LjI1NS0zLjc0NiwyMi43NzMtNS45OTNsMi41MTUt
MC44NjkNCgkJYy0zLjMyMywxMi42MzItMS4xMTksMjguNTI3LDIuMDI3LDM2LjgyYzAuNzMyLDEu
OTMsMi41NzQsMy4yMTEsNC42MzgsMy4yMjdjMC4wMTIsMCwwLjAyNCwwLDAuMDM3LDANCgkJYzIu
MDQ5LDAsMy44OTItMS4yNTEsNC42NDgtMy4xNThjMy45LTkuODQzLDExLjAxMS0xNy4wNSwxNS44
NTYtMjEuMTA4bDMuMDczLDguMzg0Yy00LjY4NCwxOC4zMTktNy4wMjgsMzcuMTktNi45Niw1Ni4x
MzYNCgkJbDAuMDQ5LDExLjUyOUg1My4yMDh2LTI4YzAtMi43NjItMi4yMzktNS01LTVjLTIuNzYx
LDAtNSwyLjIzOC01LDV2MzNjMCwyLjc2MiwyLjIzOSw1LDUsNWg4NC4yNGMwLjAwNywwLDAuMDE1
LDAsMC4wMjEsMGgzMS45NjgNCgkJYzAuMDA2LDAsMC4wMTMsMCwwLjAyLDBoODQuNTAxYzIuNzYx
LDAsNS0yLjIzOCw1LTV2LTU4LjYwMUMyNTMuOTU3LDIxMy4wNTcsMjM5LjMxLDE5NS42NDMsMjE5
LjEzMSwxOTIuMTU4eiBNMjE3LjQyNywyMDIuMDEyDQoJCWMxNS4zNzMsMi42NTUsMjYuNTMsMTUu
OTI1LDI2LjUzLDMxLjU1M3Y1My42MDFoLTc0LjUzOWwtMC4wNTEtMTMuMjEyYy0wLjA3Ny0xOC4x
NjEtMi4zNjQtMzYuMjM1LTYuNzkzLTUzLjc3Ng0KCQljMC4wMDgtMC4wMjEsMy4zMy05LjA2MSwz
LjMzLTkuMDYxYzQuODQ1LDQuMDU4LDExLjk1NiwxMS4yNjQsMTUuODU3LDIxLjEwOGMwLjc1Niwx
LjkwNywyLjU5OSwzLjE1OCw0LjY0OCwzLjE1OA0KCQljMC4wMTMsMCwwLjAyNSwwLDAuMDM3LDBj
Mi4wNjQtMC4wMTYsMy45MDYtMS4yOTcsNC42MzgtMy4yMjdjMy4xMjgtOC4yNDUsNS4zMjItMjQu
MDA0LDIuMDgyLTM2LjZsMi45NTEsMC45ODMNCgkJQzIwMy42MTgsMTk5LjAzOCwyMTAuNTg4LDIw
MC44MjgsMjE3LjQyNywyMDIuMDEyeiBNMTM3LjQyNywyODcuMTY1bC0wLjAwNy0xLjY3M2wyMS42
MzctMjEuNjM3DQoJCWMwLjE3NCwzLjM3NSwwLjI5Niw2Ljc1NCwwLjMxMSwxMC4xMzlsMC4wMTIs
My4wNThsLTEwLjExMiwxMC4xMTNIMTM3LjQyN3ogTTE4My4wMjUsMTk2LjQ2DQoJCWMxLjgxMyw1
Ljc0NywyLjA0NiwxMy4xOTIsMS4zNDksMTkuODk4Yy00LjA3Mi01LjcxMy04LjYxNi0xMC4wNzYt
MTIuMTcyLTEzLjAzM0MxNzYuMTI5LDIwMS40NjcsMTc5Ljc3NywxOTkuMTU0LDE4My4wMjUsMTk2
LjQ2eg0KCQkgTTE1NC40MTYsMjEzLjM5NWgtMTEuNjY2bC0yLjAyLTUuNTEyYzIuNzQ2LDAuNDM1
LDUuNTQsMC42NjYsOC4zNTQsMC42NjZjMi40NTMsMCw0Ljg5Mi0wLjE3Niw3LjI5Ni0wLjUwOEwx
NTQuNDE2LDIxMy4zOTV6DQoJCSBNMTQzLjY2NCwyMjMuMzk1aDkuMzgzYzAuNzE2LDIuODgxLDEu
Mzg1LDUuNzc0LDEuOTgsOC42ODNsLTE1Ljk2LDE1Ljk2QzE0MC4xMTQsMjM5Ljc0MywxNDEuNjQ4
LDIzMS41MTMsMTQzLjY2NCwyMjMuMzk1eg0KCQkgTTEzNy42OCwyNjMuNTY1bDE5LjQ0LTE5LjQ0
YzAuMzIyLDIuMjE2LDAuNjA5LDQuNDM4LDAuODYxLDYuNjY0bC0yMC41NzIsMjAuNTcyQzEzNy40
NTEsMjY4Ljc2LDEzNy41NDMsMjY2LjE2MSwxMzcuNjgsMjYzLjU2NXoNCgkJIE0yMDEuODc0LDM2
LjQ3YzEuOTk0LDMuNDc2LDMuNjgsNy4zMTUsNS4wOCwxMS41MDRjLTQuMTA4LDEuMDk4LTEwLjY0
NC0wLjIwNS0xMy43MjgtMS4yMjINCgkJYy0wLjc3NS0wLjI1Ni05LjUxNi0yLjE0NS0xNi43Mjkt
Mi40NzlDMTgxLjEyNCwzOS43ODUsMTg5LjE4NCwzNS4wMDQsMjAxLjg3NCwzNi40N3ogTTIwMy4w
NTMsNTguMzgzDQoJCWMyLjE0OSwwLDQuMzYzLTAuMjE0LDYuNDc1LTAuNzcxYzAuNTksMi44MzMs
MS4wODYsNS43ODQsMS40NjksOC44ODJjMC4wMTIsMC4wOTUsMC4wMjYsMC4xODgsMC4wNDMsMC4y
ODINCgkJYzAuNTEsMi44MDMtMC4wODksMTMuMzMzLTAuNTM4LDIwLjY0OWMtMS43MTctOS41OTYt
NC41Ni0yMC4yNjYtOS4yNjEtMjkuMDk2QzIwMS44MzksNTguMzYxLDIwMi40NDIsNTguMzgzLDIw
My4wNTMsNTguMzgzeg0KCQkgTTE5NC4yMDQsMjYuMzAzYy0xNi4wNDQsMS4xMTktMjYuMDczLDEw
LjY0OC0zMC40ODMsMTcuODk4Yy00LjkzMSwwLjEyNi05LjM4MywwLjM4NC0xMi4zMzksMC41ODYN
CgkJYzAuMDI4LTAuMTg2LDEuMTk3LTIzLjc0LDI3LjQ3OC0yOC45MjJDMTg0LjgsMTguNDYsMTg5
LjkwNSwyMS45MywxOTQuMjA0LDI2LjMwM3ogTTEzMS43MzksMzQuMzg5DQoJCWMtMC43NDYtOC45
ODUsNC4yMS0xOS44NDMsMjAuODkyLTIzLjg2M2MwLjI5Ni0wLjA3MSw2LjkxLDAuMjI4LDkuNzUz
LDAuNjc5Yy0xMi41NTMsNi45MjUtMTguMjQ4LDE4LjEyMi0yMC4xNTIsMjYuNzUyDQoJCUMxMzku
NDY4LDM2LjUyOCwxMzYuMDIsMzUuMjU3LDEzMS43MzksMzQuMzg5eiBNMTE3LjAzNywxOC4xOTFj
Mi41Mi0zLjUyMSw3LjA5Mi01LjkwNCwxMy42MjUtNy4xMjcNCgkJYy02LjQxOSw2LjM0MS05LjE3
NiwxNC4zODctOSwyMi4xOWMtMS45MzYtMC4wNjgtMy45ODgtMC4wNjQtNi4xNjMsMC4wMjFDMTE0
LjMzNCwyOC43NDUsMTEzLjc5LDIyLjcyOSwxMTcuMDM3LDE4LjE5MXoNCgkJIE05My4yNCw0MS42
MTdjNC44MDgtNi4xODEsNy44MzktNi44NDksOC45MTktNi44NDljMS42NTIsMCwzLjEyNSwxLjUw
Miw0LjA3MiwyLjc1N2MtOS44ODEsMTEuMTA4LTE1LjY4NiwzNi41MzgtMTguNzE2LDU0Ljc3Mg0K
CQljLTAuMDk4LTAuMTA3LTAuMjA4LTAuMi0wLjMxMy0wLjI5N0M4NS4wNDEsODAuODcxLDgwLjYx
MSw1Ny44NTUsOTMuMjQsNDEuNjE3eiBNOTkuNCwxNTIuNDg3DQoJCWMtMi4zMjgtNC40MTktNC4z
NTQtOS4zMTktNi4wMjUtMTQuNTY0Yy0wLjQ4OC0xLjUzMy0xLjY4NS0yLjczOC0zLjIxNi0zLjIz
NmMtNy4yMjMtMi4zNTMtMTIuMDc2LTkuMDQtMTIuMDc2LTE2LjY0DQoJCWMwLTQuMjY3LDEuNTQ4
LTguMyw0LjI3LTExLjQ0bDIuNzIsNy43NjFjMC43MDksMi4wMjIsMi42MTUsMy4zNDcsNC43MTYs
My4zNDdjMC4xOTcsMCwwLjM5Ni0wLjAxMiwwLjU5Ni0wLjAzNQ0KCQljMi4zMjgtMC4yNzgsNC4x
NS0yLjEzNyw0LjM4My00LjQ3YzEuNTk3LTE2LjAzMyw4LjI0OS01OS40MzgsMTkuODI2LTY5Ljk0
OGMwLjIsMC4wMTQsMC4zOTcsMC4wNDEsMC42MDIsMC4wMw0KCQljMjIuNDY2LTEuMDY5LDI3Ljg1
Myw3LjgzNywyOC4zMDQsOC42NjdjMC43NDMsMi4xNjIsMi43NjQsMy4yNzUsNS4wNjMsMy4wNjlj
MTcuODItMS41NjMsMzYuMDYyLTEuMDM3LDM5LjI1NCwxLjExOA0KCQljMTQuNjU4LDE2LjkwOCwx
NS4zMDQsNTYuODkxLDE1LjMwOSw1Ny4yOTRjMC4wMjksMi40NjksMS44NTcsNC41NDgsNC4zMDMs
NC44OTJjMC4yMzUsMC4wMzMsMC40NjksMC4wNDksMC43LDAuMDQ5DQoJCWMyLjE3OCwwLDQuMTQ0
LTEuNDI0LDQuNzg1LTMuNTYzYzAuMDYyLTAuMjA1LDEuMDktMy42NDcsMi4zOTUtOC43NzJjMy4w
MzYsMy4yMTIsNC43NzQsNy40NzYsNC43NzQsMTIuMDAxDQoJCWMwLDcuNi00Ljg1MywxNC4yODct
MTIuMDc1LDE2LjY0Yy0xLjUzMSwwLjQ5OC0yLjcyOCwxLjcwMy0zLjIxNiwzLjIzNmMtMS42Nyw1
LjI0NC0zLjY5NywxMC4xNDUtNi4wMjQsMTQuNTY0bC0xMy44MTIsMjYuMjMzDQoJCWMtNi4xNDYs
MTEuNjczLTIwLjg5OCwxOS44MjYtMzUuODczLDE5LjgyNnMtMjkuNzI3LTguMTUzLTM1Ljg3My0x
OS44MjZMOTkuNCwxNTIuNDg3eiBNMTEyLjc5NiwyMTYuMzU4DQoJCWMtMC43MjUtNi45NjQtMC40
NDMtMTQuNzI0LDEuNTY4LTIwLjU1M2MzLjI2NywyLjgyOSw2Ljk3Miw1LjI1OSwxMC45NzQsNy4y
MThDMTIxLjczLDIwNS45ODEsMTE3LjAxMywyMTAuNDQxLDExMi43OTYsMjE2LjM1OHoiDQoJCS8+
DQoJPHBhdGggZD0iTTE3OC40NTksMjc2LjcxNWMwLDIuNzYyLDIuMjM5LDUsNSw1aDE3LjM1OGMy
Ljc2MSwwLDUtMi4yMzgsNS01YzAtMi43NjItMi4yMzktNS01LTVoLTE3LjM1OA0KCQlDMTgwLjY5
OCwyNzEuNzE1LDE3OC40NTksMjczLjk1MywxNzguNDU5LDI3Ni43MTV6Ii8+DQoJPHBhdGggZD0i
TTIxNi40NTksMjgxLjcxNWg5YzIuNzYxLDAsNS0yLjIzOCw1LTVjMC0yLjc2Mi0yLjIzOS01LTUt
NWgtOWMtMi43NjEsMC01LDIuMjM4LTUsNQ0KCQlDMjExLjQ1OSwyNzkuNDc3LDIxMy42OTgsMjgx
LjcxNSwyMTYuNDU5LDI4MS43MTV6Ii8+DQo8L2c+DQo8Zz4NCjwvZz4NCjxnPg0KPC9nPg0KPGc+
DQo8L2c+DQo8Zz4NCjwvZz4NCjxnPg0KPC9nPg0KPGc+DQo8L2c+DQo8Zz4NCjwvZz4NCjxnPg0K
PC9nPg0KPGc+DQo8L2c+DQo8Zz4NCjwvZz4NCjxnPg0KPC9nPg0KPGc+DQo8L2c+DQo8Zz4NCjwv
Zz4NCjxnPg0KPC9nPg0KPGc+DQo8L2c+DQo8L3N2Zz4NCg=="
),(
    "Marva",
    "Bystrom",
    "marbys@gmail.com",
    28,
    "48f5deb615a8a4a6e997eda107be7d292bf5940a",
    "813 Devon Rd.",
    "Buffalo Grove",
    "60089",
    "USA",
    "PD94bWwgdmVyc2lvbj0iMS4wIiBlbmNvZGluZz0iaXNvLTg4NTktMSI/Pg0KPCEtLSBHZW5lcmF0
b3I6IEFkb2JlIElsbHVzdHJhdG9yIDE4LjAuMCwgU1ZHIEV4cG9ydCBQbHVnLUluIC4gU1ZHIFZl
cnNpb246IDYuMDAgQnVpbGQgMCkgIC0tPg0KPCFET0NUWVBFIHN2ZyBQVUJMSUMgIi0vL1czQy8v
RFREIFNWRyAxLjEvL0VOIiAiaHR0cDovL3d3dy53My5vcmcvR3JhcGhpY3MvU1ZHLzEuMS9EVEQv
c3ZnMTEuZHRkIj4NCjxzdmcgdmVyc2lvbj0iMS4xIiBpZD0iQ2FwYV8xIiB4bWxucz0iaHR0cDov
L3d3dy53My5vcmcvMjAwMC9zdmciIHhtbG5zOnhsaW5rPSJodHRwOi8vd3d3LnczLm9yZy8xOTk5
L3hsaW5rIiB4PSIwcHgiIHk9IjBweCINCgkgdmlld0JveD0iMCAwIDI5Ny4xNjUgMjk3LjE2NSIg
c3R5bGU9ImVuYWJsZS1iYWNrZ3JvdW5kOm5ldyAwIDAgMjk3LjE2NSAyOTcuMTY1OyIgeG1sOnNw
YWNlPSJwcmVzZXJ2ZSI+DQo8Zz4NCgk8cGF0aCBkPSJNMjE5LjEzMSwxOTIuMTU4Yy02LjMzOC0x
LjA5Ny0xMi44MzItMi43NjgtMTkuODUzLTUuMTA3bC02LjM0Mi0yLjExM2MwLjMwMS0wLjUxNCww
LjU5My0xLjAzMiwwLjg3LTEuNTU4bDEzLjgxMi0yNi4yMzINCgkJYzIuMjUzLTQuMjc5LDQuMjQ3
LTguOTM5LDUuOTQxLTEzLjg4MWM5Ljk4NC00LjMyOCwxNi41MjUtMTQuMTU4LDE2LjUyNS0yNS4y
MTljMC04LjMyOS0zLjczMy0xNi4xMDItMTAuMTEyLTIxLjMwMg0KCQljMC4wODYtMS44MjksMC4y
NDUtNC4zOTQsMC40LTYuOTA0YzAuNzE0LTExLjUyOCwxLjIwNy0yMC42ODYsMC41MzQtMjQuNjk1
Yy0zLjAwMy0yNC4xMzItMTIuMTc4LTQxLjc4OC0yNy4yNy01Mi40NzYNCgkJQzE4MS41OTgsNC4x
NDQsMTY2LjAyLDAsMTQ2LjAxNCwwYy0yLjY1OSwwLTUuNDU1LDAuMDc0LTguMzExLDAuMjIyYy0x
My44NDgsMC43MTEtMjMuNTM3LDQuNzk5LTI4Ljc5OCwxMi4xNQ0KCQljLTIuODYxLDMuOTk3LTQu
MDQyLDguMzk4LTQuMjczLDEyLjYzN2MtMC44MTItMC4xNTktMS42MzgtMC4yNC0yLjQ3My0wLjI0
Yy01LjYyOSwwLTExLjI4NSwzLjYwNC0xNi44MTMsMTAuNzENCgkJYy0xNS40NDgsMTkuODYyLTEw
LjM4LDQ1Ljk2Ni03Ljk0NSw1OC41MTFjMC4xODYsMC45NTgsMC4zOTQsMi4wMywwLjU1OSwyLjk1
MmMtNi4yMzQsNS4xOTktOS44NzUsMTIuODgxLTkuODc1LDIxLjEwNg0KCQljMCwxMS4wNjEsNi41
NDIsMjAuODkxLDE2LjUyNiwyNS4yMTljMS42OTQsNC45NDIsMy42ODgsOS42MDIsNS45NDEsMTMu
ODhsMTMuODEyLDI2LjIzM2MwLjE4OSwwLjM1OSwwLjM4OSwwLjcxMiwwLjU4OSwxLjA2NQ0KCQls
LTYuNjczLDIuMzA3Yy02LjA5MiwyLjEtMTIuOTI3LDMuODk0LTIxLjUxMiw1LjY0N2MtMTkuNDQ1
LDMuOTc3LTMzLjU1OCwyMS4yOTEtMzMuNTU4LDQxLjE2OXY2LjgxM2MwLDIuNzYyLDIuMjM5LDUs
NSw1DQoJCWMyLjc2MSwwLDUtMi4yMzgsNS01di02LjgxM2MwLTE1LjE0OCwxMC43NS0yOC4zNDMs
MjUuNTYtMzEuMzcxYzkuMDIxLTEuODQyLDE2LjI1NS0zLjc0NiwyMi43NzMtNS45OTNsMi41MTUt
MC44NjkNCgkJYy0zLjMyMywxMi42MzItMS4xMTksMjguNTI3LDIuMDI3LDM2LjgyYzAuNzMyLDEu
OTMsMi41NzQsMy4yMTEsNC42MzgsMy4yMjdjMC4wMTIsMCwwLjAyNCwwLDAuMDM3LDANCgkJYzIu
MDQ5LDAsMy44OTItMS4yNTEsNC42NDgtMy4xNThjMy45LTkuODQzLDExLjAxMS0xNy4wNSwxNS44
NTYtMjEuMTA4bDMuMDczLDguMzg0Yy00LjY4NCwxOC4zMTktNy4wMjgsMzcuMTktNi45Niw1Ni4x
MzYNCgkJbDAuMDQ5LDExLjUyOUg1My4yMDh2LTI4YzAtMi43NjItMi4yMzktNS01LTVjLTIuNzYx
LDAtNSwyLjIzOC01LDV2MzNjMCwyLjc2MiwyLjIzOSw1LDUsNWg4NC4yNGMwLjAwNywwLDAuMDE1
LDAsMC4wMjEsMGgzMS45NjgNCgkJYzAuMDA2LDAsMC4wMTMsMCwwLjAyLDBoODQuNTAxYzIuNzYx
LDAsNS0yLjIzOCw1LTV2LTU4LjYwMUMyNTMuOTU3LDIxMy4wNTcsMjM5LjMxLDE5NS42NDMsMjE5
LjEzMSwxOTIuMTU4eiBNMjE3LjQyNywyMDIuMDEyDQoJCWMxNS4zNzMsMi42NTUsMjYuNTMsMTUu
OTI1LDI2LjUzLDMxLjU1M3Y1My42MDFoLTc0LjUzOWwtMC4wNTEtMTMuMjEyYy0wLjA3Ny0xOC4x
NjEtMi4zNjQtMzYuMjM1LTYuNzkzLTUzLjc3Ng0KCQljMC4wMDgtMC4wMjEsMy4zMy05LjA2MSwz
LjMzLTkuMDYxYzQuODQ1LDQuMDU4LDExLjk1NiwxMS4yNjQsMTUuODU3LDIxLjEwOGMwLjc1Niwx
LjkwNywyLjU5OSwzLjE1OCw0LjY0OCwzLjE1OA0KCQljMC4wMTMsMCwwLjAyNSwwLDAuMDM3LDBj
Mi4wNjQtMC4wMTYsMy45MDYtMS4yOTcsNC42MzgtMy4yMjdjMy4xMjgtOC4yNDUsNS4zMjItMjQu
MDA0LDIuMDgyLTM2LjZsMi45NTEsMC45ODMNCgkJQzIwMy42MTgsMTk5LjAzOCwyMTAuNTg4LDIw
MC44MjgsMjE3LjQyNywyMDIuMDEyeiBNMTM3LjQyNywyODcuMTY1bC0wLjAwNy0xLjY3M2wyMS42
MzctMjEuNjM3DQoJCWMwLjE3NCwzLjM3NSwwLjI5Niw2Ljc1NCwwLjMxMSwxMC4xMzlsMC4wMTIs
My4wNThsLTEwLjExMiwxMC4xMTNIMTM3LjQyN3ogTTE4My4wMjUsMTk2LjQ2DQoJCWMxLjgxMyw1
Ljc0NywyLjA0NiwxMy4xOTIsMS4zNDksMTkuODk4Yy00LjA3Mi01LjcxMy04LjYxNi0xMC4wNzYt
MTIuMTcyLTEzLjAzM0MxNzYuMTI5LDIwMS40NjcsMTc5Ljc3NywxOTkuMTU0LDE4My4wMjUsMTk2
LjQ2eg0KCQkgTTE1NC40MTYsMjEzLjM5NWgtMTEuNjY2bC0yLjAyLTUuNTEyYzIuNzQ2LDAuNDM1
LDUuNTQsMC42NjYsOC4zNTQsMC42NjZjMi40NTMsMCw0Ljg5Mi0wLjE3Niw3LjI5Ni0wLjUwOEwx
NTQuNDE2LDIxMy4zOTV6DQoJCSBNMTQzLjY2NCwyMjMuMzk1aDkuMzgzYzAuNzE2LDIuODgxLDEu
Mzg1LDUuNzc0LDEuOTgsOC42ODNsLTE1Ljk2LDE1Ljk2QzE0MC4xMTQsMjM5Ljc0MywxNDEuNjQ4
LDIzMS41MTMsMTQzLjY2NCwyMjMuMzk1eg0KCQkgTTEzNy42OCwyNjMuNTY1bDE5LjQ0LTE5LjQ0
YzAuMzIyLDIuMjE2LDAuNjA5LDQuNDM4LDAuODYxLDYuNjY0bC0yMC41NzIsMjAuNTcyQzEzNy40
NTEsMjY4Ljc2LDEzNy41NDMsMjY2LjE2MSwxMzcuNjgsMjYzLjU2NXoNCgkJIE0yMDEuODc0LDM2
LjQ3YzEuOTk0LDMuNDc2LDMuNjgsNy4zMTUsNS4wOCwxMS41MDRjLTQuMTA4LDEuMDk4LTEwLjY0
NC0wLjIwNS0xMy43MjgtMS4yMjINCgkJYy0wLjc3NS0wLjI1Ni05LjUxNi0yLjE0NS0xNi43Mjkt
Mi40NzlDMTgxLjEyNCwzOS43ODUsMTg5LjE4NCwzNS4wMDQsMjAxLjg3NCwzNi40N3ogTTIwMy4w
NTMsNTguMzgzDQoJCWMyLjE0OSwwLDQuMzYzLTAuMjE0LDYuNDc1LTAuNzcxYzAuNTksMi44MzMs
MS4wODYsNS43ODQsMS40NjksOC44ODJjMC4wMTIsMC4wOTUsMC4wMjYsMC4xODgsMC4wNDMsMC4y
ODINCgkJYzAuNTEsMi44MDMtMC4wODksMTMuMzMzLTAuNTM4LDIwLjY0OWMtMS43MTctOS41OTYt
NC41Ni0yMC4yNjYtOS4yNjEtMjkuMDk2QzIwMS44MzksNTguMzYxLDIwMi40NDIsNTguMzgzLDIw
My4wNTMsNTguMzgzeg0KCQkgTTE5NC4yMDQsMjYuMzAzYy0xNi4wNDQsMS4xMTktMjYuMDczLDEw
LjY0OC0zMC40ODMsMTcuODk4Yy00LjkzMSwwLjEyNi05LjM4MywwLjM4NC0xMi4zMzksMC41ODYN
CgkJYzAuMDI4LTAuMTg2LDEuMTk3LTIzLjc0LDI3LjQ3OC0yOC45MjJDMTg0LjgsMTguNDYsMTg5
LjkwNSwyMS45MywxOTQuMjA0LDI2LjMwM3ogTTEzMS43MzksMzQuMzg5DQoJCWMtMC43NDYtOC45
ODUsNC4yMS0xOS44NDMsMjAuODkyLTIzLjg2M2MwLjI5Ni0wLjA3MSw2LjkxLDAuMjI4LDkuNzUz
LDAuNjc5Yy0xMi41NTMsNi45MjUtMTguMjQ4LDE4LjEyMi0yMC4xNTIsMjYuNzUyDQoJCUMxMzku
NDY4LDM2LjUyOCwxMzYuMDIsMzUuMjU3LDEzMS43MzksMzQuMzg5eiBNMTE3LjAzNywxOC4xOTFj
Mi41Mi0zLjUyMSw3LjA5Mi01LjkwNCwxMy42MjUtNy4xMjcNCgkJYy02LjQxOSw2LjM0MS05LjE3
NiwxNC4zODctOSwyMi4xOWMtMS45MzYtMC4wNjgtMy45ODgtMC4wNjQtNi4xNjMsMC4wMjFDMTE0
LjMzNCwyOC43NDUsMTEzLjc5LDIyLjcyOSwxMTcuMDM3LDE4LjE5MXoNCgkJIE05My4yNCw0MS42
MTdjNC44MDgtNi4xODEsNy44MzktNi44NDksOC45MTktNi44NDljMS42NTIsMCwzLjEyNSwxLjUw
Miw0LjA3MiwyLjc1N2MtOS44ODEsMTEuMTA4LTE1LjY4NiwzNi41MzgtMTguNzE2LDU0Ljc3Mg0K
CQljLTAuMDk4LTAuMTA3LTAuMjA4LTAuMi0wLjMxMy0wLjI5N0M4NS4wNDEsODAuODcxLDgwLjYx
MSw1Ny44NTUsOTMuMjQsNDEuNjE3eiBNOTkuNCwxNTIuNDg3DQoJCWMtMi4zMjgtNC40MTktNC4z
NTQtOS4zMTktNi4wMjUtMTQuNTY0Yy0wLjQ4OC0xLjUzMy0xLjY4NS0yLjczOC0zLjIxNi0zLjIz
NmMtNy4yMjMtMi4zNTMtMTIuMDc2LTkuMDQtMTIuMDc2LTE2LjY0DQoJCWMwLTQuMjY3LDEuNTQ4
LTguMyw0LjI3LTExLjQ0bDIuNzIsNy43NjFjMC43MDksMi4wMjIsMi42MTUsMy4zNDcsNC43MTYs
My4zNDdjMC4xOTcsMCwwLjM5Ni0wLjAxMiwwLjU5Ni0wLjAzNQ0KCQljMi4zMjgtMC4yNzgsNC4x
NS0yLjEzNyw0LjM4My00LjQ3YzEuNTk3LTE2LjAzMyw4LjI0OS01OS40MzgsMTkuODI2LTY5Ljk0
OGMwLjIsMC4wMTQsMC4zOTcsMC4wNDEsMC42MDIsMC4wMw0KCQljMjIuNDY2LTEuMDY5LDI3Ljg1
Myw3LjgzNywyOC4zMDQsOC42NjdjMC43NDMsMi4xNjIsMi43NjQsMy4yNzUsNS4wNjMsMy4wNjlj
MTcuODItMS41NjMsMzYuMDYyLTEuMDM3LDM5LjI1NCwxLjExOA0KCQljMTQuNjU4LDE2LjkwOCwx
NS4zMDQsNTYuODkxLDE1LjMwOSw1Ny4yOTRjMC4wMjksMi40NjksMS44NTcsNC41NDgsNC4zMDMs
NC44OTJjMC4yMzUsMC4wMzMsMC40NjksMC4wNDksMC43LDAuMDQ5DQoJCWMyLjE3OCwwLDQuMTQ0
LTEuNDI0LDQuNzg1LTMuNTYzYzAuMDYyLTAuMjA1LDEuMDktMy42NDcsMi4zOTUtOC43NzJjMy4w
MzYsMy4yMTIsNC43NzQsNy40NzYsNC43NzQsMTIuMDAxDQoJCWMwLDcuNi00Ljg1MywxNC4yODct
MTIuMDc1LDE2LjY0Yy0xLjUzMSwwLjQ5OC0yLjcyOCwxLjcwMy0zLjIxNiwzLjIzNmMtMS42Nyw1
LjI0NC0zLjY5NywxMC4xNDUtNi4wMjQsMTQuNTY0bC0xMy44MTIsMjYuMjMzDQoJCWMtNi4xNDYs
MTEuNjczLTIwLjg5OCwxOS44MjYtMzUuODczLDE5LjgyNnMtMjkuNzI3LTguMTUzLTM1Ljg3My0x
OS44MjZMOTkuNCwxNTIuNDg3eiBNMTEyLjc5NiwyMTYuMzU4DQoJCWMtMC43MjUtNi45NjQtMC40
NDMtMTQuNzI0LDEuNTY4LTIwLjU1M2MzLjI2NywyLjgyOSw2Ljk3Miw1LjI1OSwxMC45NzQsNy4y
MThDMTIxLjczLDIwNS45ODEsMTE3LjAxMywyMTAuNDQxLDExMi43OTYsMjE2LjM1OHoiDQoJCS8+
DQoJPHBhdGggZD0iTTE3OC40NTksMjc2LjcxNWMwLDIuNzYyLDIuMjM5LDUsNSw1aDE3LjM1OGMy
Ljc2MSwwLDUtMi4yMzgsNS01YzAtMi43NjItMi4yMzktNS01LTVoLTE3LjM1OA0KCQlDMTgwLjY5
OCwyNzEuNzE1LDE3OC40NTksMjczLjk1MywxNzguNDU5LDI3Ni43MTV6Ii8+DQoJPHBhdGggZD0i
TTIxNi40NTksMjgxLjcxNWg5YzIuNzYxLDAsNS0yLjIzOCw1LTVjMC0yLjc2Mi0yLjIzOS01LTUt
NWgtOWMtMi43NjEsMC01LDIuMjM4LTUsNQ0KCQlDMjExLjQ1OSwyNzkuNDc3LDIxMy42OTgsMjgx
LjcxNSwyMTYuNDU5LDI4MS43MTV6Ii8+DQo8L2c+DQo8Zz4NCjwvZz4NCjxnPg0KPC9nPg0KPGc+
DQo8L2c+DQo8Zz4NCjwvZz4NCjxnPg0KPC9nPg0KPGc+DQo8L2c+DQo8Zz4NCjwvZz4NCjxnPg0K
PC9nPg0KPGc+DQo8L2c+DQo8Zz4NCjwvZz4NCjxnPg0KPC9nPg0KPGc+DQo8L2c+DQo8Zz4NCjwv
Zz4NCjxnPg0KPC9nPg0KPGc+DQo8L2c+DQo8L3N2Zz4NCg=="
),(
    "Raine",
    "Gardinier",
    "raigar@gmail.com",
    77,
    "46950e85472f73e258af7057ca82aeb8165206dd",
    "604 Nut Swamp Rd.",
    "Kennewick",
    "99337",
    "USA",
    "PD94bWwgdmVyc2lvbj0iMS4wIiBlbmNvZGluZz0iaXNvLTg4NTktMSI/Pg0KPCEtLSBHZW5lcmF0
b3I6IEFkb2JlIElsbHVzdHJhdG9yIDE4LjAuMCwgU1ZHIEV4cG9ydCBQbHVnLUluIC4gU1ZHIFZl
cnNpb246IDYuMDAgQnVpbGQgMCkgIC0tPg0KPCFET0NUWVBFIHN2ZyBQVUJMSUMgIi0vL1czQy8v
RFREIFNWRyAxLjEvL0VOIiAiaHR0cDovL3d3dy53My5vcmcvR3JhcGhpY3MvU1ZHLzEuMS9EVEQv
c3ZnMTEuZHRkIj4NCjxzdmcgdmVyc2lvbj0iMS4xIiBpZD0iQ2FwYV8xIiB4bWxucz0iaHR0cDov
L3d3dy53My5vcmcvMjAwMC9zdmciIHhtbG5zOnhsaW5rPSJodHRwOi8vd3d3LnczLm9yZy8xOTk5
L3hsaW5rIiB4PSIwcHgiIHk9IjBweCINCgkgdmlld0JveD0iMCAwIDI5Ny4xNjUgMjk3LjE2NSIg
c3R5bGU9ImVuYWJsZS1iYWNrZ3JvdW5kOm5ldyAwIDAgMjk3LjE2NSAyOTcuMTY1OyIgeG1sOnNw
YWNlPSJwcmVzZXJ2ZSI+DQo8Zz4NCgk8cGF0aCBkPSJNMjE5LjEzMSwxOTIuMTU4Yy02LjMzOC0x
LjA5Ny0xMi44MzItMi43NjgtMTkuODUzLTUuMTA3bC02LjM0Mi0yLjExM2MwLjMwMS0wLjUxNCww
LjU5My0xLjAzMiwwLjg3LTEuNTU4bDEzLjgxMi0yNi4yMzINCgkJYzIuMjUzLTQuMjc5LDQuMjQ3
LTguOTM5LDUuOTQxLTEzLjg4MWM5Ljk4NC00LjMyOCwxNi41MjUtMTQuMTU4LDE2LjUyNS0yNS4y
MTljMC04LjMyOS0zLjczMy0xNi4xMDItMTAuMTEyLTIxLjMwMg0KCQljMC4wODYtMS44MjksMC4y
NDUtNC4zOTQsMC40LTYuOTA0YzAuNzE0LTExLjUyOCwxLjIwNy0yMC42ODYsMC41MzQtMjQuNjk1
Yy0zLjAwMy0yNC4xMzItMTIuMTc4LTQxLjc4OC0yNy4yNy01Mi40NzYNCgkJQzE4MS41OTgsNC4x
NDQsMTY2LjAyLDAsMTQ2LjAxNCwwYy0yLjY1OSwwLTUuNDU1LDAuMDc0LTguMzExLDAuMjIyYy0x
My44NDgsMC43MTEtMjMuNTM3LDQuNzk5LTI4Ljc5OCwxMi4xNQ0KCQljLTIuODYxLDMuOTk3LTQu
MDQyLDguMzk4LTQuMjczLDEyLjYzN2MtMC44MTItMC4xNTktMS42MzgtMC4yNC0yLjQ3My0wLjI0
Yy01LjYyOSwwLTExLjI4NSwzLjYwNC0xNi44MTMsMTAuNzENCgkJYy0xNS40NDgsMTkuODYyLTEw
LjM4LDQ1Ljk2Ni03Ljk0NSw1OC41MTFjMC4xODYsMC45NTgsMC4zOTQsMi4wMywwLjU1OSwyLjk1
MmMtNi4yMzQsNS4xOTktOS44NzUsMTIuODgxLTkuODc1LDIxLjEwNg0KCQljMCwxMS4wNjEsNi41
NDIsMjAuODkxLDE2LjUyNiwyNS4yMTljMS42OTQsNC45NDIsMy42ODgsOS42MDIsNS45NDEsMTMu
ODhsMTMuODEyLDI2LjIzM2MwLjE4OSwwLjM1OSwwLjM4OSwwLjcxMiwwLjU4OSwxLjA2NQ0KCQls
LTYuNjczLDIuMzA3Yy02LjA5MiwyLjEtMTIuOTI3LDMuODk0LTIxLjUxMiw1LjY0N2MtMTkuNDQ1
LDMuOTc3LTMzLjU1OCwyMS4yOTEtMzMuNTU4LDQxLjE2OXY2LjgxM2MwLDIuNzYyLDIuMjM5LDUs
NSw1DQoJCWMyLjc2MSwwLDUtMi4yMzgsNS01di02LjgxM2MwLTE1LjE0OCwxMC43NS0yOC4zNDMs
MjUuNTYtMzEuMzcxYzkuMDIxLTEuODQyLDE2LjI1NS0zLjc0NiwyMi43NzMtNS45OTNsMi41MTUt
MC44NjkNCgkJYy0zLjMyMywxMi42MzItMS4xMTksMjguNTI3LDIuMDI3LDM2LjgyYzAuNzMyLDEu
OTMsMi41NzQsMy4yMTEsNC42MzgsMy4yMjdjMC4wMTIsMCwwLjAyNCwwLDAuMDM3LDANCgkJYzIu
MDQ5LDAsMy44OTItMS4yNTEsNC42NDgtMy4xNThjMy45LTkuODQzLDExLjAxMS0xNy4wNSwxNS44
NTYtMjEuMTA4bDMuMDczLDguMzg0Yy00LjY4NCwxOC4zMTktNy4wMjgsMzcuMTktNi45Niw1Ni4x
MzYNCgkJbDAuMDQ5LDExLjUyOUg1My4yMDh2LTI4YzAtMi43NjItMi4yMzktNS01LTVjLTIuNzYx
LDAtNSwyLjIzOC01LDV2MzNjMCwyLjc2MiwyLjIzOSw1LDUsNWg4NC4yNGMwLjAwNywwLDAuMDE1
LDAsMC4wMjEsMGgzMS45NjgNCgkJYzAuMDA2LDAsMC4wMTMsMCwwLjAyLDBoODQuNTAxYzIuNzYx
LDAsNS0yLjIzOCw1LTV2LTU4LjYwMUMyNTMuOTU3LDIxMy4wNTcsMjM5LjMxLDE5NS42NDMsMjE5
LjEzMSwxOTIuMTU4eiBNMjE3LjQyNywyMDIuMDEyDQoJCWMxNS4zNzMsMi42NTUsMjYuNTMsMTUu
OTI1LDI2LjUzLDMxLjU1M3Y1My42MDFoLTc0LjUzOWwtMC4wNTEtMTMuMjEyYy0wLjA3Ny0xOC4x
NjEtMi4zNjQtMzYuMjM1LTYuNzkzLTUzLjc3Ng0KCQljMC4wMDgtMC4wMjEsMy4zMy05LjA2MSwz
LjMzLTkuMDYxYzQuODQ1LDQuMDU4LDExLjk1NiwxMS4yNjQsMTUuODU3LDIxLjEwOGMwLjc1Niwx
LjkwNywyLjU5OSwzLjE1OCw0LjY0OCwzLjE1OA0KCQljMC4wMTMsMCwwLjAyNSwwLDAuMDM3LDBj
Mi4wNjQtMC4wMTYsMy45MDYtMS4yOTcsNC42MzgtMy4yMjdjMy4xMjgtOC4yNDUsNS4zMjItMjQu
MDA0LDIuMDgyLTM2LjZsMi45NTEsMC45ODMNCgkJQzIwMy42MTgsMTk5LjAzOCwyMTAuNTg4LDIw
MC44MjgsMjE3LjQyNywyMDIuMDEyeiBNMTM3LjQyNywyODcuMTY1bC0wLjAwNy0xLjY3M2wyMS42
MzctMjEuNjM3DQoJCWMwLjE3NCwzLjM3NSwwLjI5Niw2Ljc1NCwwLjMxMSwxMC4xMzlsMC4wMTIs
My4wNThsLTEwLjExMiwxMC4xMTNIMTM3LjQyN3ogTTE4My4wMjUsMTk2LjQ2DQoJCWMxLjgxMyw1
Ljc0NywyLjA0NiwxMy4xOTIsMS4zNDksMTkuODk4Yy00LjA3Mi01LjcxMy04LjYxNi0xMC4wNzYt
MTIuMTcyLTEzLjAzM0MxNzYuMTI5LDIwMS40NjcsMTc5Ljc3NywxOTkuMTU0LDE4My4wMjUsMTk2
LjQ2eg0KCQkgTTE1NC40MTYsMjEzLjM5NWgtMTEuNjY2bC0yLjAyLTUuNTEyYzIuNzQ2LDAuNDM1
LDUuNTQsMC42NjYsOC4zNTQsMC42NjZjMi40NTMsMCw0Ljg5Mi0wLjE3Niw3LjI5Ni0wLjUwOEwx
NTQuNDE2LDIxMy4zOTV6DQoJCSBNMTQzLjY2NCwyMjMuMzk1aDkuMzgzYzAuNzE2LDIuODgxLDEu
Mzg1LDUuNzc0LDEuOTgsOC42ODNsLTE1Ljk2LDE1Ljk2QzE0MC4xMTQsMjM5Ljc0MywxNDEuNjQ4
LDIzMS41MTMsMTQzLjY2NCwyMjMuMzk1eg0KCQkgTTEzNy42OCwyNjMuNTY1bDE5LjQ0LTE5LjQ0
YzAuMzIyLDIuMjE2LDAuNjA5LDQuNDM4LDAuODYxLDYuNjY0bC0yMC41NzIsMjAuNTcyQzEzNy40
NTEsMjY4Ljc2LDEzNy41NDMsMjY2LjE2MSwxMzcuNjgsMjYzLjU2NXoNCgkJIE0yMDEuODc0LDM2
LjQ3YzEuOTk0LDMuNDc2LDMuNjgsNy4zMTUsNS4wOCwxMS41MDRjLTQuMTA4LDEuMDk4LTEwLjY0
NC0wLjIwNS0xMy43MjgtMS4yMjINCgkJYy0wLjc3NS0wLjI1Ni05LjUxNi0yLjE0NS0xNi43Mjkt
Mi40NzlDMTgxLjEyNCwzOS43ODUsMTg5LjE4NCwzNS4wMDQsMjAxLjg3NCwzNi40N3ogTTIwMy4w
NTMsNTguMzgzDQoJCWMyLjE0OSwwLDQuMzYzLTAuMjE0LDYuNDc1LTAuNzcxYzAuNTksMi44MzMs
MS4wODYsNS43ODQsMS40NjksOC44ODJjMC4wMTIsMC4wOTUsMC4wMjYsMC4xODgsMC4wNDMsMC4y
ODINCgkJYzAuNTEsMi44MDMtMC4wODksMTMuMzMzLTAuNTM4LDIwLjY0OWMtMS43MTctOS41OTYt
NC41Ni0yMC4yNjYtOS4yNjEtMjkuMDk2QzIwMS44MzksNTguMzYxLDIwMi40NDIsNTguMzgzLDIw
My4wNTMsNTguMzgzeg0KCQkgTTE5NC4yMDQsMjYuMzAzYy0xNi4wNDQsMS4xMTktMjYuMDczLDEw
LjY0OC0zMC40ODMsMTcuODk4Yy00LjkzMSwwLjEyNi05LjM4MywwLjM4NC0xMi4zMzksMC41ODYN
CgkJYzAuMDI4LTAuMTg2LDEuMTk3LTIzLjc0LDI3LjQ3OC0yOC45MjJDMTg0LjgsMTguNDYsMTg5
LjkwNSwyMS45MywxOTQuMjA0LDI2LjMwM3ogTTEzMS43MzksMzQuMzg5DQoJCWMtMC43NDYtOC45
ODUsNC4yMS0xOS44NDMsMjAuODkyLTIzLjg2M2MwLjI5Ni0wLjA3MSw2LjkxLDAuMjI4LDkuNzUz
LDAuNjc5Yy0xMi41NTMsNi45MjUtMTguMjQ4LDE4LjEyMi0yMC4xNTIsMjYuNzUyDQoJCUMxMzku
NDY4LDM2LjUyOCwxMzYuMDIsMzUuMjU3LDEzMS43MzksMzQuMzg5eiBNMTE3LjAzNywxOC4xOTFj
Mi41Mi0zLjUyMSw3LjA5Mi01LjkwNCwxMy42MjUtNy4xMjcNCgkJYy02LjQxOSw2LjM0MS05LjE3
NiwxNC4zODctOSwyMi4xOWMtMS45MzYtMC4wNjgtMy45ODgtMC4wNjQtNi4xNjMsMC4wMjFDMTE0
LjMzNCwyOC43NDUsMTEzLjc5LDIyLjcyOSwxMTcuMDM3LDE4LjE5MXoNCgkJIE05My4yNCw0MS42
MTdjNC44MDgtNi4xODEsNy44MzktNi44NDksOC45MTktNi44NDljMS42NTIsMCwzLjEyNSwxLjUw
Miw0LjA3MiwyLjc1N2MtOS44ODEsMTEuMTA4LTE1LjY4NiwzNi41MzgtMTguNzE2LDU0Ljc3Mg0K
CQljLTAuMDk4LTAuMTA3LTAuMjA4LTAuMi0wLjMxMy0wLjI5N0M4NS4wNDEsODAuODcxLDgwLjYx
MSw1Ny44NTUsOTMuMjQsNDEuNjE3eiBNOTkuNCwxNTIuNDg3DQoJCWMtMi4zMjgtNC40MTktNC4z
NTQtOS4zMTktNi4wMjUtMTQuNTY0Yy0wLjQ4OC0xLjUzMy0xLjY4NS0yLjczOC0zLjIxNi0zLjIz
NmMtNy4yMjMtMi4zNTMtMTIuMDc2LTkuMDQtMTIuMDc2LTE2LjY0DQoJCWMwLTQuMjY3LDEuNTQ4
LTguMyw0LjI3LTExLjQ0bDIuNzIsNy43NjFjMC43MDksMi4wMjIsMi42MTUsMy4zNDcsNC43MTYs
My4zNDdjMC4xOTcsMCwwLjM5Ni0wLjAxMiwwLjU5Ni0wLjAzNQ0KCQljMi4zMjgtMC4yNzgsNC4x
NS0yLjEzNyw0LjM4My00LjQ3YzEuNTk3LTE2LjAzMyw4LjI0OS01OS40MzgsMTkuODI2LTY5Ljk0
OGMwLjIsMC4wMTQsMC4zOTcsMC4wNDEsMC42MDIsMC4wMw0KCQljMjIuNDY2LTEuMDY5LDI3Ljg1
Myw3LjgzNywyOC4zMDQsOC42NjdjMC43NDMsMi4xNjIsMi43NjQsMy4yNzUsNS4wNjMsMy4wNjlj
MTcuODItMS41NjMsMzYuMDYyLTEuMDM3LDM5LjI1NCwxLjExOA0KCQljMTQuNjU4LDE2LjkwOCwx
NS4zMDQsNTYuODkxLDE1LjMwOSw1Ny4yOTRjMC4wMjksMi40NjksMS44NTcsNC41NDgsNC4zMDMs
NC44OTJjMC4yMzUsMC4wMzMsMC40NjksMC4wNDksMC43LDAuMDQ5DQoJCWMyLjE3OCwwLDQuMTQ0
LTEuNDI0LDQuNzg1LTMuNTYzYzAuMDYyLTAuMjA1LDEuMDktMy42NDcsMi4zOTUtOC43NzJjMy4w
MzYsMy4yMTIsNC43NzQsNy40NzYsNC43NzQsMTIuMDAxDQoJCWMwLDcuNi00Ljg1MywxNC4yODct
MTIuMDc1LDE2LjY0Yy0xLjUzMSwwLjQ5OC0yLjcyOCwxLjcwMy0zLjIxNiwzLjIzNmMtMS42Nyw1
LjI0NC0zLjY5NywxMC4xNDUtNi4wMjQsMTQuNTY0bC0xMy44MTIsMjYuMjMzDQoJCWMtNi4xNDYs
MTEuNjczLTIwLjg5OCwxOS44MjYtMzUuODczLDE5LjgyNnMtMjkuNzI3LTguMTUzLTM1Ljg3My0x
OS44MjZMOTkuNCwxNTIuNDg3eiBNMTEyLjc5NiwyMTYuMzU4DQoJCWMtMC43MjUtNi45NjQtMC40
NDMtMTQuNzI0LDEuNTY4LTIwLjU1M2MzLjI2NywyLjgyOSw2Ljk3Miw1LjI1OSwxMC45NzQsNy4y
MThDMTIxLjczLDIwNS45ODEsMTE3LjAxMywyMTAuNDQxLDExMi43OTYsMjE2LjM1OHoiDQoJCS8+
DQoJPHBhdGggZD0iTTE3OC40NTksMjc2LjcxNWMwLDIuNzYyLDIuMjM5LDUsNSw1aDE3LjM1OGMy
Ljc2MSwwLDUtMi4yMzgsNS01YzAtMi43NjItMi4yMzktNS01LTVoLTE3LjM1OA0KCQlDMTgwLjY5
OCwyNzEuNzE1LDE3OC40NTksMjczLjk1MywxNzguNDU5LDI3Ni43MTV6Ii8+DQoJPHBhdGggZD0i
TTIxNi40NTksMjgxLjcxNWg5YzIuNzYxLDAsNS0yLjIzOCw1LTVjMC0yLjc2Mi0yLjIzOS01LTUt
NWgtOWMtMi43NjEsMC01LDIuMjM4LTUsNQ0KCQlDMjExLjQ1OSwyNzkuNDc3LDIxMy42OTgsMjgx
LjcxNSwyMTYuNDU5LDI4MS43MTV6Ii8+DQo8L2c+DQo8Zz4NCjwvZz4NCjxnPg0KPC9nPg0KPGc+
DQo8L2c+DQo8Zz4NCjwvZz4NCjxnPg0KPC9nPg0KPGc+DQo8L2c+DQo8Zz4NCjwvZz4NCjxnPg0K
PC9nPg0KPGc+DQo8L2c+DQo8Zz4NCjwvZz4NCjxnPg0KPC9nPg0KPGc+DQo8L2c+DQo8Zz4NCjwv
Zz4NCjxnPg0KPC9nPg0KPGc+DQo8L2c+DQo8L3N2Zz4NCg=="
);


/*
M - Mobile
O - Office
*/
INSERT INTO `trainly`.`contact_number` (`U_id`, `Phone_type`, `Phone_number`)
VALUES
(1, 'M', '456508023'),
(2, 'O', '360774562'),
(3, 'M', '818004971'),
(4, 'O', '920696372'),
(5, 'O', '685023925'),
(6, 'M', '908645507'),
(7, 'M', '806432568'),
(8, 'M', '593520894'),
(9, 'O', '791517180'),
(10, 'O', '542489015'),
(11, 'M', '242174364');


/*Insert into Admin table*/
INSERT
INTO
    `trainly`.`admin`(
        U_id,
        Grantor_id,
        Approval_time
    )
VALUES
(1,1,"2017-11-22 15:32:17"),
(10,1,"2017-11-22 17:40:18"),
(5,10,"2017-11-22 10:42:17"),
(2,1,"2017-11-22 23:40:55"),
(4,2,"2017-11-22 06:32:17"),
(6,4,"2017-11-22 11:15:23"),
(8,5,"2017-11-23 15:52:59"),
(3,8,"2017-11-22 17:12:25"),
(7,3,"2017-11-22 07:33:00"),
(9,7,"2017-11-22 13:52:55");

/*Insert into Faculty table*/
INSERT
INTO
    `trainly`.`faculty`(
        U_id
    )
VALUES
(1),(10),(2),(5),(7),(8),(9),(3),(4),(11);


/*Insert into Validates table*/
INSERT
INTO
    `trainly`.`validates`(
        faculty_id,
        admin_id,
        title,
        affiliation,
        work_website,
        date_time_verify
    )
VALUES
(1,2,"Assistant Professor","NEU","https://emma-wil.edu","2017-11-23 15:32:17"),
(10,1,"Professor","NEU","https://marva-bys.edu","2017-11-23 17:40:18"),
(2,10,"Professor","NEU","https://brittny-mes.edu","2017-11-26 10:42:17"),
(5,6,"Lecturer","NEU","https://alicia-tru.edu","2017-11-24 23:40:55"),
(7,10,"Assistant Professor","NEU","https://witold-fir.edu","2017-11-25 08:32:17"),
(8,1,"Associate Professor","NEU","https://din-huf.edu","2017-11-27 11:15:13"),
(9,5,"Professor","NEU","https://raj-pat.edu","2017-11-29 05:52:59"),
(3,4,"Assistant Professor","NEU","https://jayda-bro.edu","2017-11-25 17:12:15"),
(4,3,"Lecturer","NEU","https://ludwig-rob.edu","2017-11-28 09:33:00"),
(11,10,"Associate Professor","NEU","https://raine-gar.edu","2017-11-29 13:52:15");

/*All the icon images are credited to following resource
<div>Icons made by <a href="http://www.freepik.com"
title="Freepik">Freepik</a> from <a href="https://www.flaticon.com/"
 title="Flaticon">www.flaticon.com</a>
 is licensed by <a href="http://creativecommons.org/licenses/by/3.0/"
 title="Creative Commons BY 3.0" target="_blank">CC 3.0 BY</a></div>*/

 /*Insert into Course table */
INSERT
INTO
    `trainly`.`course`(
        icon,
        name,
        cost,
        description,
        primary_topic_id
    )
VALUES
    ("PD94bWwgdmVyc2lvbj0iMS4wIiBlbmNvZGluZz0iaXNvLTg4NTktMSI/ Pg0KPCEtLSBHZW5lcmF0 b3I6IEFkb2JlIElsbHVzdHJhdG9yIDE4LjAuMCwgU1ZHIEV4cG9ydCBQbHVnLUluIC4gU1ZHIFZl cnNpb246IDYuMDAgQnVpbGQgMCkgIC0tPg0KPCFET0NUWVBFIHN2ZyBQVUJMSUMgIi0vL1czQy8v RFREIFNWRyAxLjEvL0VOIiAiaHR0cDovL3d3dy53My5vcmcvR3JhcGhpY3MvU1ZHLzEuMS9EVEQv c3ZnMTEuZHRkIj4NCjxzdmcgdmVyc2lvbj0iMS4xIiBpZD0iQ2FwYV8xIiB4bWxucz0iaHR0cDov L3d3dy53My5vcmcvMjAwMC9zdmciIHhtbG5zOnhsaW5rPSJodHRwOi8vd3d3LnczLm9yZy8xOTk5 L3hsaW5rIiB4PSIwcHgiIHk9IjBweCINCgkgdmlld0JveD0iMCAwIDI5NyAyOTciIHN0eWxlPSJl bmFibGUtYmFja2dyb3VuZDpuZXcgMCAwIDI5NyAyOTc7IiB4bWw6c3BhY2U9InByZXNlcnZlIj4N CjxnPg0KCTxwYXRoIGQ9Ik0xNy41NTUsMTY2LjkzNWgyNjIuNTA4YzUuNDMxLDAsOS44MzQtNC40 MDMsOS44MzQtOS44MzRWMTguMDc3YzAtNS40My00LjQwMy05LjgzMy05LjgzNC05LjgzM0gxNy41 NTUNCgkJYy01LjQzMSwwLTkuODM0LDQuNDAzLTkuODM0LDkuODMzdjEzOS4wMjNDNy43MjEsMTYy LjUzMSwxMi4xMjQsMTY2LjkzNSwxNy41NTUsMTY2LjkzNXogTTI3LjM4OSwyNy45MTFoMjQyLjg0 MXYxMTkuMzU1SDI3LjM4OQ0KCQlWMjcuOTExeiIvPg0KCTxwYXRoIGQ9Ik0xNDguODExLDMxLjQx NWMtMzAuOTY3LDAtNTYuMTYsMjUuMTk5LTU2LjE2LDU2LjE3MmMwLDMwLjk3NSwyNS4xOTMsNTYu MTc0LDU2LjE2LDU2LjE3NA0KCQljMzAuOTY1LDAsNTYuMTU1LTI1LjE5OSw1Ni4xNTUtNTYuMTc0 QzIwNC45NjcsNTYuNjE0LDE3OS43NzYsMzEuNDE1LDE0OC44MTEsMzEuNDE1eiBNMTQ4LjgxMSwx MjQuMDk0DQoJCWMtMjAuMTIyLDAtMzYuNDkzLTE2LjM3Ni0zNi40OTMtMzYuNTA3YzAtMjAuMTI4 LDE2LjM3MS0zNi41MDUsMzYuNDkzLTM2LjUwNWMyMC4xMTksMCwzNi40ODgsMTYuMzc3LDM2LjQ4 OCwzNi41MDUNCgkJQzE4NS4zLDEwNy43MTgsMTY4LjkzMSwxMjQuMDk0LDE0OC44MTEsMTI0LjA5 NHoiLz4NCgk8cGF0aCBkPSJNMTYxLjg5Myw4My44MTlsLTIxLjUyNi0xMy4yNTljLTEuMzY1LTAu ODM5LTMuMDc5LTAuODc2LTQuNDc5LTAuMDk1Yy0xLjM5OSwwLjc4MS0yLjI2NywyLjI2LTIuMjY3 LDMuODYzbDAuMDAxLDI2LjUxOA0KCQljMCwxLjYwNCwwLjg2NywzLjA4MiwyLjI2NywzLjg2NGMw LjY3MiwwLjM3NSwxLjQxNiwwLjU2MiwyLjE1OCwwLjU2MmMwLjgwNiwwLDEuNjEtMC4yMiwyLjMy MS0wLjY1OGwyMS41MjUtMTMuMjYNCgkJYzEuMzA4LTAuODA2LDIuMTA1LTIuMjMyLDIuMTA1LTMu NzY4QzE2My45OTcsODYuMDUxLDE2My4yLDg0LjYyNCwxNjEuODkzLDgzLjgxOXoiLz4NCgk8cGF0 aCBkPSJNMTgwLjQ4MSwyNDIuNjkxYzUuNjUtNi45OTMsOS4wNDUtMTUuODgzLDkuMDQ1LTI1LjU1 NWMwLTIyLjQ1Ny0xOC4yNjUtNDAuNzI3LTQwLjcxNC00MC43MjcNCgkJYy0yMi40NTQsMC00MC43 MiwxOC4yNzEtNDAuNzIsNDAuNzI3YzAsOS42NzEsMy4zOTQsMTguNTYxLDkuMDQ1LDI1LjU1NGMt MTAuMjc4LDguOTk3LTE2LjQ1NiwyMi4xMy0xNi40NTYsMzYuMjMyDQoJCWMwLDUuNDMsNC40MDMs OS44MzMsOS44MzQsOS44MzNoNzYuNTljNS40MzEsMCw5LjgzMy00LjQwMyw5LjgzMy05LjgzM0Mx OTYuOTM4LDI2NC44MjEsMTkwLjc2MSwyNTEuNjg5LDE4MC40ODEsMjQyLjY5MXoNCgkJIE0xNDgu ODEzLDE5Ni4wNzdjMTEuNjA1LDAsMjEuMDQ2LDkuNDQ3LDIxLjA0NiwyMS4wNTljMCwxMS42MTEt OS40NCwyMS4wNTktMjEuMDQ2LDIxLjA1OWMtMTEuNjA4LDAtMjEuMDUzLTkuNDQ3LTIxLjA1My0y MS4wNTkNCgkJQzEyNy43NiwyMDUuNTI0LDEzNy4yMDQsMTk2LjA3NywxNDguODEzLDE5Ni4wNzd6 IE0xMjIuMTAzLDI2OS4wODljMi4xNDItNS44MSw2LjE0Ny0xMC44MjcsMTEuNDU2LTE0LjIwMQ0K CQljNC43MTQsMS45MTIsOS44NiwyLjk3NSwxNS4yNTMsMi45NzVjNS4zOSwwLDEwLjUzNC0xLjA2 MywxNS4yNDctMi45NzVjNS4zMDksMy4zNzYsOS4zMTQsOC4zOTMsMTEuNDU3LDE0LjIwMUgxMjIu MTAzeiIvPg0KCTxwYXRoIGQ9Ik0yODAuNTQ0LDI0Mi42OWM1LjY1LTYuOTkzLDkuMDQ0LTE1Ljg4 Myw5LjA0NC0yNS41NTRjMC0yMi40NTctMTguMjY1LTQwLjcyNy00MC43MTctNDAuNzI3DQoJCWMt MjIuNDUxLDAtNDAuNzE3LDE4LjI3MS00MC43MTcsNDAuNzI3YzAsOS42NzEsMy4zOTQsMTguNTYx LDkuMDQ1LDI1LjU1NGMtMTAuMjc5LDguOTk3LTE2LjQ1NywyMi4xMy0xNi40NTcsMzYuMjMyDQoJ CWMwLDUuNDMsNC40MDIsOS44MzMsOS44MzMsOS44MzNoNzYuNTkxYzUuNDMxLDAsOS44MzQtNC40 MDMsOS44MzQtOS44MzNDMjk3LDI2NC44MjEsMjkwLjgyMiwyNTEuNjg4LDI4MC41NDQsMjQyLjY5 eg0KCQkgTTI0OC44NzEsMTk2LjA3N2MxMS42MDYsMCwyMS4wNSw5LjQ0NywyMS4wNSwyMS4wNTlj MCwxMS42MTEtOS40NDMsMjEuMDU5LTIxLjA1LDIxLjA1OWMtMTEuNjA3LDAtMjEuMDQ5LTkuNDQ3 LTIxLjA0OS0yMS4wNTkNCgkJQzIyNy44MjIsMjA1LjUyNCwyMzcuMjY1LDE5Ni4wNzcsMjQ4Ljg3 MSwxOTYuMDc3eiBNMjIyLjE2NCwyNjkuMDg5YzIuMTQyLTUuODEsNi4xNDYtMTAuODI3LDExLjQ1 Ny0xNC4yMDENCgkJYzQuNzE0LDEuOTEyLDkuODU5LDIuOTc1LDE1LjI1LDIuOTc1YzUuMzkyLDAs MTAuNTM3LTEuMDYzLDE1LjI1LTIuOTc1YzUuMzEsMy4zNzQsOS4zMTUsOC4zOTEsMTEuNDU3LDE0 LjIwMUgyMjIuMTY0eiIvPg0KCTxwYXRoIGQ9Ik03OS44MDIsMjQyLjY5MWM1LjY1Mi02Ljk5Myw5 LjA0Ni0xNS44ODMsOS4wNDYtMjUuNTU1YzAtMjIuNDU3LTE4LjI2Ni00MC43MjctNDAuNzE2LTQw LjcyNw0KCQljLTIyLjQ1MywwLTQwLjcxOSwxOC4yNzEtNDAuNzE5LDQwLjcyN2MwLDkuNjcxLDMu MzkzLDE4LjU2MSw5LjA0NSwyNS41NTRDNi4xNzksMjUxLjY4OCwwLDI2NC44MjEsMCwyNzguOTIz DQoJCWMwLDUuNDMsNC40MDMsOS44MzMsOS44MzQsOS44MzNoNzYuNTkxYzUuNDMxLDAsOS44MzMt NC40MDMsOS44MzMtOS44MzNDOTYuMjU4LDI2NC44MjEsOTAuMDgsMjUxLjY4OSw3OS44MDIsMjQy LjY5MXoNCgkJIE00OC4xMzIsMTk2LjA3N2MxMS42MDYsMCwyMS4wNDgsOS40NDcsMjEuMDQ4LDIx LjA1OWMwLDExLjYxMS05LjQ0MSwyMS4wNTktMjEuMDQ4LDIxLjA1OWMtMTEuNjA3LDAtMjEuMDUy LTkuNDQ3LTIxLjA1Mi0yMS4wNTkNCgkJQzI3LjA4LDIwNS41MjQsMzYuNTI0LDE5Ni4wNzcsNDgu MTMyLDE5Ni4wNzd6IE0yMS40MjIsMjY5LjA4OWMyLjE0Mi01LjgxLDYuMTQ4LTEwLjgyNywxMS40 NTgtMTQuMjAxDQoJCWM0LjcxNCwxLjkxMiw5Ljg1OSwyLjk3NSwxNS4yNTIsMi45NzVjNS4zOSww LDEwLjUzNS0xLjA2MywxNS4yNDktMi45NzVjNS4zMDksMy4zNzUsOS4zMTMsOC4zOTIsMTEuNDU1 LDE0LjIwMUgyMS40MjJ6Ii8 + DQo8L2c + DQo8Zz4NCjwvZz4NCjxnPg0KPC9nPg0KPGc + DQo8L2c + DQo8Zz4NCjwvZz4NCjxnPg0KPC9nPg0KPGc + DQo8L2c + DQo8Zz4NCjwvZz4NCjxnPg0KPC9nPg0K PGc + DQo8L2c + DQo8Zz4NCjwvZz4NCjxnPg0KPC9nPg0KPGc + DQo8L2c + DQo8Zz4NCjwvZz4NCjxn Pg0KPC9nPg0KPGc + DQo8L2c + DQo8L3N2Zz4NCg = =",
    "CS 5200 Database Management Systems",
    1530,
    "Lorem Ipsum is simply dummy text of the printing and typesetting industry",
    1),

    ("PD94bWwgdmVyc2lvbj0iMS4wIiBlbmNvZGluZz0iaXNvLTg4NTktMSI/ Pg0KPCEtLSBHZW5lcmF0 b3I6IEFkb2JlIElsbHVzdHJhdG9yIDE4LjAuMCwgU1ZHIEV4cG9ydCBQbHVnLUluIC4gU1ZHIFZl cnNpb246IDYuMDAgQnVpbGQgMCkgIC0tPg0KPCFET0NUWVBFIHN2ZyBQVUJMSUMgIi0vL1czQy8v RFREIFNWRyAxLjEvL0VOIiAiaHR0cDovL3d3dy53My5vcmcvR3JhcGhpY3MvU1ZHLzEuMS9EVEQv c3ZnMTEuZHRkIj4NCjxzdmcgdmVyc2lvbj0iMS4xIiBpZD0iQ2FwYV8xIiB4bWxucz0iaHR0cDov L3d3dy53My5vcmcvMjAwMC9zdmciIHhtbG5zOnhsaW5rPSJodHRwOi8vd3d3LnczLm9yZy8xOTk5 L3hsaW5rIiB4PSIwcHgiIHk9IjBweCINCgkgdmlld0JveD0iMCAwIDI5NyAyOTciIHN0eWxlPSJl bmFibGUtYmFja2dyb3VuZDpuZXcgMCAwIDI5NyAyOTc7IiB4bWw6c3BhY2U9InByZXNlcnZlIj4N CjxnPg0KCTxwYXRoIGQ9Ik0xNy41NTUsMTY2LjkzNWgyNjIuNTA4YzUuNDMxLDAsOS44MzQtNC40 MDMsOS44MzQtOS44MzRWMTguMDc3YzAtNS40My00LjQwMy05LjgzMy05LjgzNC05LjgzM0gxNy41 NTUNCgkJYy01LjQzMSwwLTkuODM0LDQuNDAzLTkuODM0LDkuODMzdjEzOS4wMjNDNy43MjEsMTYy LjUzMSwxMi4xMjQsMTY2LjkzNSwxNy41NTUsMTY2LjkzNXogTTI3LjM4OSwyNy45MTFoMjQyLjg0 MXYxMTkuMzU1SDI3LjM4OQ0KCQlWMjcuOTExeiIvPg0KCTxwYXRoIGQ9Ik0xNDguODExLDMxLjQx NWMtMzAuOTY3LDAtNTYuMTYsMjUuMTk5LTU2LjE2LDU2LjE3MmMwLDMwLjk3NSwyNS4xOTMsNTYu MTc0LDU2LjE2LDU2LjE3NA0KCQljMzAuOTY1LDAsNTYuMTU1LTI1LjE5OSw1Ni4xNTUtNTYuMTc0 QzIwNC45NjcsNTYuNjE0LDE3OS43NzYsMzEuNDE1LDE0OC44MTEsMzEuNDE1eiBNMTQ4LjgxMSwx MjQuMDk0DQoJCWMtMjAuMTIyLDAtMzYuNDkzLTE2LjM3Ni0zNi40OTMtMzYuNTA3YzAtMjAuMTI4 LDE2LjM3MS0zNi41MDUsMzYuNDkzLTM2LjUwNWMyMC4xMTksMCwzNi40ODgsMTYuMzc3LDM2LjQ4 OCwzNi41MDUNCgkJQzE4NS4zLDEwNy43MTgsMTY4LjkzMSwxMjQuMDk0LDE0OC44MTEsMTI0LjA5 NHoiLz4NCgk8cGF0aCBkPSJNMTYxLjg5Myw4My44MTlsLTIxLjUyNi0xMy4yNTljLTEuMzY1LTAu ODM5LTMuMDc5LTAuODc2LTQuNDc5LTAuMDk1Yy0xLjM5OSwwLjc4MS0yLjI2NywyLjI2LTIuMjY3 LDMuODYzbDAuMDAxLDI2LjUxOA0KCQljMCwxLjYwNCwwLjg2NywzLjA4MiwyLjI2NywzLjg2NGMw LjY3MiwwLjM3NSwxLjQxNiwwLjU2MiwyLjE1OCwwLjU2MmMwLjgwNiwwLDEuNjEtMC4yMiwyLjMy MS0wLjY1OGwyMS41MjUtMTMuMjYNCgkJYzEuMzA4LTAuODA2LDIuMTA1LTIuMjMyLDIuMTA1LTMu NzY4QzE2My45OTcsODYuMDUxLDE2My4yLDg0LjYyNCwxNjEuODkzLDgzLjgxOXoiLz4NCgk8cGF0 aCBkPSJNMTgwLjQ4MSwyNDIuNjkxYzUuNjUtNi45OTMsOS4wNDUtMTUuODgzLDkuMDQ1LTI1LjU1 NWMwLTIyLjQ1Ny0xOC4yNjUtNDAuNzI3LTQwLjcxNC00MC43MjcNCgkJYy0yMi40NTQsMC00MC43 MiwxOC4yNzEtNDAuNzIsNDAuNzI3YzAsOS42NzEsMy4zOTQsMTguNTYxLDkuMDQ1LDI1LjU1NGMt MTAuMjc4LDguOTk3LTE2LjQ1NiwyMi4xMy0xNi40NTYsMzYuMjMyDQoJCWMwLDUuNDMsNC40MDMs OS44MzMsOS44MzQsOS44MzNoNzYuNTljNS40MzEsMCw5LjgzMy00LjQwMyw5LjgzMy05LjgzM0Mx OTYuOTM4LDI2NC44MjEsMTkwLjc2MSwyNTEuNjg5LDE4MC40ODEsMjQyLjY5MXoNCgkJIE0xNDgu ODEzLDE5Ni4wNzdjMTEuNjA1LDAsMjEuMDQ2LDkuNDQ3LDIxLjA0NiwyMS4wNTljMCwxMS42MTEt OS40NCwyMS4wNTktMjEuMDQ2LDIxLjA1OWMtMTEuNjA4LDAtMjEuMDUzLTkuNDQ3LTIxLjA1My0y MS4wNTkNCgkJQzEyNy43NiwyMDUuNTI0LDEzNy4yMDQsMTk2LjA3NywxNDguODEzLDE5Ni4wNzd6 IE0xMjIuMTAzLDI2OS4wODljMi4xNDItNS44MSw2LjE0Ny0xMC44MjcsMTEuNDU2LTE0LjIwMQ0K CQljNC43MTQsMS45MTIsOS44NiwyLjk3NSwxNS4yNTMsMi45NzVjNS4zOSwwLDEwLjUzNC0xLjA2 MywxNS4yNDctMi45NzVjNS4zMDksMy4zNzYsOS4zMTQsOC4zOTMsMTEuNDU3LDE0LjIwMUgxMjIu MTAzeiIvPg0KCTxwYXRoIGQ9Ik0yODAuNTQ0LDI0Mi42OWM1LjY1LTYuOTkzLDkuMDQ0LTE1Ljg4 Myw5LjA0NC0yNS41NTRjMC0yMi40NTctMTguMjY1LTQwLjcyNy00MC43MTctNDAuNzI3DQoJCWMt MjIuNDUxLDAtNDAuNzE3LDE4LjI3MS00MC43MTcsNDAuNzI3YzAsOS42NzEsMy4zOTQsMTguNTYx LDkuMDQ1LDI1LjU1NGMtMTAuMjc5LDguOTk3LTE2LjQ1NywyMi4xMy0xNi40NTcsMzYuMjMyDQoJ CWMwLDUuNDMsNC40MDIsOS44MzMsOS44MzMsOS44MzNoNzYuNTkxYzUuNDMxLDAsOS44MzQtNC40 MDMsOS44MzQtOS44MzNDMjk3LDI2NC44MjEsMjkwLjgyMiwyNTEuNjg4LDI4MC41NDQsMjQyLjY5 eg0KCQkgTTI0OC44NzEsMTk2LjA3N2MxMS42MDYsMCwyMS4wNSw5LjQ0NywyMS4wNSwyMS4wNTlj MCwxMS42MTEtOS40NDMsMjEuMDU5LTIxLjA1LDIxLjA1OWMtMTEuNjA3LDAtMjEuMDQ5LTkuNDQ3 LTIxLjA0OS0yMS4wNTkNCgkJQzIyNy44MjIsMjA1LjUyNCwyMzcuMjY1LDE5Ni4wNzcsMjQ4Ljg3 MSwxOTYuMDc3eiBNMjIyLjE2NCwyNjkuMDg5YzIuMTQyLTUuODEsNi4xNDYtMTAuODI3LDExLjQ1 Ny0xNC4yMDENCgkJYzQuNzE0LDEuOTEyLDkuODU5LDIuOTc1LDE1LjI1LDIuOTc1YzUuMzkyLDAs MTAuNTM3LTEuMDYzLDE1LjI1LTIuOTc1YzUuMzEsMy4zNzQsOS4zMTUsOC4zOTEsMTEuNDU3LDE0 LjIwMUgyMjIuMTY0eiIvPg0KCTxwYXRoIGQ9Ik03OS44MDIsMjQyLjY5MWM1LjY1Mi02Ljk5Myw5 LjA0Ni0xNS44ODMsOS4wNDYtMjUuNTU1YzAtMjIuNDU3LTE4LjI2Ni00MC43MjctNDAuNzE2LTQw LjcyNw0KCQljLTIyLjQ1MywwLTQwLjcxOSwxOC4yNzEtNDAuNzE5LDQwLjcyN2MwLDkuNjcxLDMu MzkzLDE4LjU2MSw5LjA0NSwyNS41NTRDNi4xNzksMjUxLjY4OCwwLDI2NC44MjEsMCwyNzguOTIz DQoJCWMwLDUuNDMsNC40MDMsOS44MzMsOS44MzQsOS44MzNoNzYuNTkxYzUuNDMxLDAsOS44MzMt NC40MDMsOS44MzMtOS44MzNDOTYuMjU4LDI2NC44MjEsOTAuMDgsMjUxLjY4OSw3OS44MDIsMjQy LjY5MXoNCgkJIE00OC4xMzIsMTk2LjA3N2MxMS42MDYsMCwyMS4wNDgsOS40NDcsMjEuMDQ4LDIx LjA1OWMwLDExLjYxMS05LjQ0MSwyMS4wNTktMjEuMDQ4LDIxLjA1OWMtMTEuNjA3LDAtMjEuMDUy LTkuNDQ3LTIxLjA1Mi0yMS4wNTkNCgkJQzI3LjA4LDIwNS41MjQsMzYuNTI0LDE5Ni4wNzcsNDgu MTMyLDE5Ni4wNzd6IE0yMS40MjIsMjY5LjA4OWMyLjE0Mi01LjgxLDYuMTQ4LTEwLjgyNywxMS40 NTgtMTQuMjAxDQoJCWM0LjcxNCwxLjkxMiw5Ljg1OSwyLjk3NSwxNS4yNTIsMi45NzVjNS4zOSww LDEwLjUzNS0xLjA2MywxNS4yNDktMi45NzVjNS4zMDksMy4zNzUsOS4zMTMsOC4zOTIsMTEuNDU1 LDE0LjIwMUgyMS40MjJ6Ii8 + DQo8L2c + DQo8Zz4NCjwvZz4NCjxnPg0KPC9nPg0KPGc + DQo8L2c + DQo8Zz4NCjwvZz4NCjxnPg0KPC9nPg0KPGc + DQo8L2c + DQo8Zz4NCjwvZz4NCjxnPg0KPC9nPg0K PGc + DQo8L2c + DQo8Zz4NCjwvZz4NCjxnPg0KPC9nPg0KPGc + DQo8L2c + DQo8Zz4NCjwvZz4NCjxn Pg0KPC9nPg0KPGc + DQo8L2c + DQo8L3N2Zz4NCg = =",
    "CS 6140 Machine Learning",
    1200,
    "Lorem Ipsum is simply dummy text of the printing and typesetting industry",
    5),

    ("PD94bWwgdmVyc2lvbj0iMS4wIiBlbmNvZGluZz0iaXNvLTg4NTktMSI/ Pg0KPCEtLSBHZW5lcmF0 b3I6IEFkb2JlIElsbHVzdHJhdG9yIDE4LjAuMCwgU1ZHIEV4cG9ydCBQbHVnLUluIC4gU1ZHIFZl cnNpb246IDYuMDAgQnVpbGQgMCkgIC0tPg0KPCFET0NUWVBFIHN2ZyBQVUJMSUMgIi0vL1czQy8v RFREIFNWRyAxLjEvL0VOIiAiaHR0cDovL3d3dy53My5vcmcvR3JhcGhpY3MvU1ZHLzEuMS9EVEQv c3ZnMTEuZHRkIj4NCjxzdmcgdmVyc2lvbj0iMS4xIiBpZD0iQ2FwYV8xIiB4bWxucz0iaHR0cDov L3d3dy53My5vcmcvMjAwMC9zdmciIHhtbG5zOnhsaW5rPSJodHRwOi8vd3d3LnczLm9yZy8xOTk5 L3hsaW5rIiB4PSIwcHgiIHk9IjBweCINCgkgdmlld0JveD0iMCAwIDI5NyAyOTciIHN0eWxlPSJl bmFibGUtYmFja2dyb3VuZDpuZXcgMCAwIDI5NyAyOTc7IiB4bWw6c3BhY2U9InByZXNlcnZlIj4N CjxnPg0KCTxwYXRoIGQ9Ik0xNy41NTUsMTY2LjkzNWgyNjIuNTA4YzUuNDMxLDAsOS44MzQtNC40 MDMsOS44MzQtOS44MzRWMTguMDc3YzAtNS40My00LjQwMy05LjgzMy05LjgzNC05LjgzM0gxNy41 NTUNCgkJYy01LjQzMSwwLTkuODM0LDQuNDAzLTkuODM0LDkuODMzdjEzOS4wMjNDNy43MjEsMTYy LjUzMSwxMi4xMjQsMTY2LjkzNSwxNy41NTUsMTY2LjkzNXogTTI3LjM4OSwyNy45MTFoMjQyLjg0 MXYxMTkuMzU1SDI3LjM4OQ0KCQlWMjcuOTExeiIvPg0KCTxwYXRoIGQ9Ik0xNDguODExLDMxLjQx NWMtMzAuOTY3LDAtNTYuMTYsMjUuMTk5LTU2LjE2LDU2LjE3MmMwLDMwLjk3NSwyNS4xOTMsNTYu MTc0LDU2LjE2LDU2LjE3NA0KCQljMzAuOTY1LDAsNTYuMTU1LTI1LjE5OSw1Ni4xNTUtNTYuMTc0 QzIwNC45NjcsNTYuNjE0LDE3OS43NzYsMzEuNDE1LDE0OC44MTEsMzEuNDE1eiBNMTQ4LjgxMSwx MjQuMDk0DQoJCWMtMjAuMTIyLDAtMzYuNDkzLTE2LjM3Ni0zNi40OTMtMzYuNTA3YzAtMjAuMTI4 LDE2LjM3MS0zNi41MDUsMzYuNDkzLTM2LjUwNWMyMC4xMTksMCwzNi40ODgsMTYuMzc3LDM2LjQ4 OCwzNi41MDUNCgkJQzE4NS4zLDEwNy43MTgsMTY4LjkzMSwxMjQuMDk0LDE0OC44MTEsMTI0LjA5 NHoiLz4NCgk8cGF0aCBkPSJNMTYxLjg5Myw4My44MTlsLTIxLjUyNi0xMy4yNTljLTEuMzY1LTAu ODM5LTMuMDc5LTAuODc2LTQuNDc5LTAuMDk1Yy0xLjM5OSwwLjc4MS0yLjI2NywyLjI2LTIuMjY3 LDMuODYzbDAuMDAxLDI2LjUxOA0KCQljMCwxLjYwNCwwLjg2NywzLjA4MiwyLjI2NywzLjg2NGMw LjY3MiwwLjM3NSwxLjQxNiwwLjU2MiwyLjE1OCwwLjU2MmMwLjgwNiwwLDEuNjEtMC4yMiwyLjMy MS0wLjY1OGwyMS41MjUtMTMuMjYNCgkJYzEuMzA4LTAuODA2LDIuMTA1LTIuMjMyLDIuMTA1LTMu NzY4QzE2My45OTcsODYuMDUxLDE2My4yLDg0LjYyNCwxNjEuODkzLDgzLjgxOXoiLz4NCgk8cGF0 aCBkPSJNMTgwLjQ4MSwyNDIuNjkxYzUuNjUtNi45OTMsOS4wNDUtMTUuODgzLDkuMDQ1LTI1LjU1 NWMwLTIyLjQ1Ny0xOC4yNjUtNDAuNzI3LTQwLjcxNC00MC43MjcNCgkJYy0yMi40NTQsMC00MC43 MiwxOC4yNzEtNDAuNzIsNDAuNzI3YzAsOS42NzEsMy4zOTQsMTguNTYxLDkuMDQ1LDI1LjU1NGMt MTAuMjc4LDguOTk3LTE2LjQ1NiwyMi4xMy0xNi40NTYsMzYuMjMyDQoJCWMwLDUuNDMsNC40MDMs OS44MzMsOS44MzQsOS44MzNoNzYuNTljNS40MzEsMCw5LjgzMy00LjQwMyw5LjgzMy05LjgzM0Mx OTYuOTM4LDI2NC44MjEsMTkwLjc2MSwyNTEuNjg5LDE4MC40ODEsMjQyLjY5MXoNCgkJIE0xNDgu ODEzLDE5Ni4wNzdjMTEuNjA1LDAsMjEuMDQ2LDkuNDQ3LDIxLjA0NiwyMS4wNTljMCwxMS42MTEt OS40NCwyMS4wNTktMjEuMDQ2LDIxLjA1OWMtMTEuNjA4LDAtMjEuMDUzLTkuNDQ3LTIxLjA1My0y MS4wNTkNCgkJQzEyNy43NiwyMDUuNTI0LDEzNy4yMDQsMTk2LjA3NywxNDguODEzLDE5Ni4wNzd6 IE0xMjIuMTAzLDI2OS4wODljMi4xNDItNS44MSw2LjE0Ny0xMC44MjcsMTEuNDU2LTE0LjIwMQ0K CQljNC43MTQsMS45MTIsOS44NiwyLjk3NSwxNS4yNTMsMi45NzVjNS4zOSwwLDEwLjUzNC0xLjA2 MywxNS4yNDctMi45NzVjNS4zMDksMy4zNzYsOS4zMTQsOC4zOTMsMTEuNDU3LDE0LjIwMUgxMjIu MTAzeiIvPg0KCTxwYXRoIGQ9Ik0yODAuNTQ0LDI0Mi42OWM1LjY1LTYuOTkzLDkuMDQ0LTE1Ljg4 Myw5LjA0NC0yNS41NTRjMC0yMi40NTctMTguMjY1LTQwLjcyNy00MC43MTctNDAuNzI3DQoJCWMt MjIuNDUxLDAtNDAuNzE3LDE4LjI3MS00MC43MTcsNDAuNzI3YzAsOS42NzEsMy4zOTQsMTguNTYx LDkuMDQ1LDI1LjU1NGMtMTAuMjc5LDguOTk3LTE2LjQ1NywyMi4xMy0xNi40NTcsMzYuMjMyDQoJ CWMwLDUuNDMsNC40MDIsOS44MzMsOS44MzMsOS44MzNoNzYuNTkxYzUuNDMxLDAsOS44MzQtNC40 MDMsOS44MzQtOS44MzNDMjk3LDI2NC44MjEsMjkwLjgyMiwyNTEuNjg4LDI4MC41NDQsMjQyLjY5 eg0KCQkgTTI0OC44NzEsMTk2LjA3N2MxMS42MDYsMCwyMS4wNSw5LjQ0NywyMS4wNSwyMS4wNTlj MCwxMS42MTEtOS40NDMsMjEuMDU5LTIxLjA1LDIxLjA1OWMtMTEuNjA3LDAtMjEuMDQ5LTkuNDQ3 LTIxLjA0OS0yMS4wNTkNCgkJQzIyNy44MjIsMjA1LjUyNCwyMzcuMjY1LDE5Ni4wNzcsMjQ4Ljg3 MSwxOTYuMDc3eiBNMjIyLjE2NCwyNjkuMDg5YzIuMTQyLTUuODEsNi4xNDYtMTAuODI3LDExLjQ1 Ny0xNC4yMDENCgkJYzQuNzE0LDEuOTEyLDkuODU5LDIuOTc1LDE1LjI1LDIuOTc1YzUuMzkyLDAs MTAuNTM3LTEuMDYzLDE1LjI1LTIuOTc1YzUuMzEsMy4zNzQsOS4zMTUsOC4zOTEsMTEuNDU3LDE0 LjIwMUgyMjIuMTY0eiIvPg0KCTxwYXRoIGQ9Ik03OS44MDIsMjQyLjY5MWM1LjY1Mi02Ljk5Myw5 LjA0Ni0xNS44ODMsOS4wNDYtMjUuNTU1YzAtMjIuNDU3LTE4LjI2Ni00MC43MjctNDAuNzE2LTQw LjcyNw0KCQljLTIyLjQ1MywwLTQwLjcxOSwxOC4yNzEtNDAuNzE5LDQwLjcyN2MwLDkuNjcxLDMu MzkzLDE4LjU2MSw5LjA0NSwyNS41NTRDNi4xNzksMjUxLjY4OCwwLDI2NC44MjEsMCwyNzguOTIz DQoJCWMwLDUuNDMsNC40MDMsOS44MzMsOS44MzQsOS44MzNoNzYuNTkxYzUuNDMxLDAsOS44MzMt NC40MDMsOS44MzMtOS44MzNDOTYuMjU4LDI2NC44MjEsOTAuMDgsMjUxLjY4OSw3OS44MDIsMjQy LjY5MXoNCgkJIE00OC4xMzIsMTk2LjA3N2MxMS42MDYsMCwyMS4wNDgsOS40NDcsMjEuMDQ4LDIx LjA1OWMwLDExLjYxMS05LjQ0MSwyMS4wNTktMjEuMDQ4LDIxLjA1OWMtMTEuNjA3LDAtMjEuMDUy LTkuNDQ3LTIxLjA1Mi0yMS4wNTkNCgkJQzI3LjA4LDIwNS41MjQsMzYuNTI0LDE5Ni4wNzcsNDgu MTMyLDE5Ni4wNzd6IE0yMS40MjIsMjY5LjA4OWMyLjE0Mi01LjgxLDYuMTQ4LTEwLjgyNywxMS40 NTgtMTQuMjAxDQoJCWM0LjcxNCwxLjkxMiw5Ljg1OSwyLjk3NSwxNS4yNTIsMi45NzVjNS4zOSww LDEwLjUzNS0xLjA2MywxNS4yNDktMi45NzVjNS4zMDksMy4zNzUsOS4zMTMsOC4zOTIsMTEuNDU1 LDE0LjIwMUgyMS40MjJ6Ii8 + DQo8L2c + DQo8Zz4NCjwvZz4NCjxnPg0KPC9nPg0KPGc + DQo8L2c + DQo8Zz4NCjwvZz4NCjxnPg0KPC9nPg0KPGc + DQo8L2c + DQo8Zz4NCjwvZz4NCjxnPg0KPC9nPg0K PGc + DQo8L2c + DQo8Zz4NCjwvZz4NCjxnPg0KPC9nPg0KPGc + DQo8L2c + DQo8Zz4NCjwvZz4NCjxn Pg0KPC9nPg0KPGc + DQo8L2c + DQo8L3N2Zz4NCg = =",
    "CS 6200 Information Retrieval",
    1600,
    "Lorem Ipsum is simply dummy text of the printing and typesetting industry",
    7),

    ("PD94bWwgdmVyc2lvbj0iMS4wIiBlbmNvZGluZz0iaXNvLTg4NTktMSI/ Pg0KPCEtLSBHZW5lcmF0 b3I6IEFkb2JlIElsbHVzdHJhdG9yIDE4LjAuMCwgU1ZHIEV4cG9ydCBQbHVnLUluIC4gU1ZHIFZl cnNpb246IDYuMDAgQnVpbGQgMCkgIC0tPg0KPCFET0NUWVBFIHN2ZyBQVUJMSUMgIi0vL1czQy8v RFREIFNWRyAxLjEvL0VOIiAiaHR0cDovL3d3dy53My5vcmcvR3JhcGhpY3MvU1ZHLzEuMS9EVEQv c3ZnMTEuZHRkIj4NCjxzdmcgdmVyc2lvbj0iMS4xIiBpZD0iQ2FwYV8xIiB4bWxucz0iaHR0cDov L3d3dy53My5vcmcvMjAwMC9zdmciIHhtbG5zOnhsaW5rPSJodHRwOi8vd3d3LnczLm9yZy8xOTk5 L3hsaW5rIiB4PSIwcHgiIHk9IjBweCINCgkgdmlld0JveD0iMCAwIDI5NyAyOTciIHN0eWxlPSJl bmFibGUtYmFja2dyb3VuZDpuZXcgMCAwIDI5NyAyOTc7IiB4bWw6c3BhY2U9InByZXNlcnZlIj4N CjxnPg0KCTxwYXRoIGQ9Ik0xNy41NTUsMTY2LjkzNWgyNjIuNTA4YzUuNDMxLDAsOS44MzQtNC40 MDMsOS44MzQtOS44MzRWMTguMDc3YzAtNS40My00LjQwMy05LjgzMy05LjgzNC05LjgzM0gxNy41 NTUNCgkJYy01LjQzMSwwLTkuODM0LDQuNDAzLTkuODM0LDkuODMzdjEzOS4wMjNDNy43MjEsMTYy LjUzMSwxMi4xMjQsMTY2LjkzNSwxNy41NTUsMTY2LjkzNXogTTI3LjM4OSwyNy45MTFoMjQyLjg0 MXYxMTkuMzU1SDI3LjM4OQ0KCQlWMjcuOTExeiIvPg0KCTxwYXRoIGQ9Ik0xNDguODExLDMxLjQx NWMtMzAuOTY3LDAtNTYuMTYsMjUuMTk5LTU2LjE2LDU2LjE3MmMwLDMwLjk3NSwyNS4xOTMsNTYu MTc0LDU2LjE2LDU2LjE3NA0KCQljMzAuOTY1LDAsNTYuMTU1LTI1LjE5OSw1Ni4xNTUtNTYuMTc0 QzIwNC45NjcsNTYuNjE0LDE3OS43NzYsMzEuNDE1LDE0OC44MTEsMzEuNDE1eiBNMTQ4LjgxMSwx MjQuMDk0DQoJCWMtMjAuMTIyLDAtMzYuNDkzLTE2LjM3Ni0zNi40OTMtMzYuNTA3YzAtMjAuMTI4 LDE2LjM3MS0zNi41MDUsMzYuNDkzLTM2LjUwNWMyMC4xMTksMCwzNi40ODgsMTYuMzc3LDM2LjQ4 OCwzNi41MDUNCgkJQzE4NS4zLDEwNy43MTgsMTY4LjkzMSwxMjQuMDk0LDE0OC44MTEsMTI0LjA5 NHoiLz4NCgk8cGF0aCBkPSJNMTYxLjg5Myw4My44MTlsLTIxLjUyNi0xMy4yNTljLTEuMzY1LTAu ODM5LTMuMDc5LTAuODc2LTQuNDc5LTAuMDk1Yy0xLjM5OSwwLjc4MS0yLjI2NywyLjI2LTIuMjY3 LDMuODYzbDAuMDAxLDI2LjUxOA0KCQljMCwxLjYwNCwwLjg2NywzLjA4MiwyLjI2NywzLjg2NGMw LjY3MiwwLjM3NSwxLjQxNiwwLjU2MiwyLjE1OCwwLjU2MmMwLjgwNiwwLDEuNjEtMC4yMiwyLjMy MS0wLjY1OGwyMS41MjUtMTMuMjYNCgkJYzEuMzA4LTAuODA2LDIuMTA1LTIuMjMyLDIuMTA1LTMu NzY4QzE2My45OTcsODYuMDUxLDE2My4yLDg0LjYyNCwxNjEuODkzLDgzLjgxOXoiLz4NCgk8cGF0 aCBkPSJNMTgwLjQ4MSwyNDIuNjkxYzUuNjUtNi45OTMsOS4wNDUtMTUuODgzLDkuMDQ1LTI1LjU1 NWMwLTIyLjQ1Ny0xOC4yNjUtNDAuNzI3LTQwLjcxNC00MC43MjcNCgkJYy0yMi40NTQsMC00MC43 MiwxOC4yNzEtNDAuNzIsNDAuNzI3YzAsOS42NzEsMy4zOTQsMTguNTYxLDkuMDQ1LDI1LjU1NGMt MTAuMjc4LDguOTk3LTE2LjQ1NiwyMi4xMy0xNi40NTYsMzYuMjMyDQoJCWMwLDUuNDMsNC40MDMs OS44MzMsOS44MzQsOS44MzNoNzYuNTljNS40MzEsMCw5LjgzMy00LjQwMyw5LjgzMy05LjgzM0Mx OTYuOTM4LDI2NC44MjEsMTkwLjc2MSwyNTEuNjg5LDE4MC40ODEsMjQyLjY5MXoNCgkJIE0xNDgu ODEzLDE5Ni4wNzdjMTEuNjA1LDAsMjEuMDQ2LDkuNDQ3LDIxLjA0NiwyMS4wNTljMCwxMS42MTEt OS40NCwyMS4wNTktMjEuMDQ2LDIxLjA1OWMtMTEuNjA4LDAtMjEuMDUzLTkuNDQ3LTIxLjA1My0y MS4wNTkNCgkJQzEyNy43NiwyMDUuNTI0LDEzNy4yMDQsMTk2LjA3NywxNDguODEzLDE5Ni4wNzd6 IE0xMjIuMTAzLDI2OS4wODljMi4xNDItNS44MSw2LjE0Ny0xMC44MjcsMTEuNDU2LTE0LjIwMQ0K CQljNC43MTQsMS45MTIsOS44NiwyLjk3NSwxNS4yNTMsMi45NzVjNS4zOSwwLDEwLjUzNC0xLjA2 MywxNS4yNDctMi45NzVjNS4zMDksMy4zNzYsOS4zMTQsOC4zOTMsMTEuNDU3LDE0LjIwMUgxMjIu MTAzeiIvPg0KCTxwYXRoIGQ9Ik0yODAuNTQ0LDI0Mi42OWM1LjY1LTYuOTkzLDkuMDQ0LTE1Ljg4 Myw5LjA0NC0yNS41NTRjMC0yMi40NTctMTguMjY1LTQwLjcyNy00MC43MTctNDAuNzI3DQoJCWMt MjIuNDUxLDAtNDAuNzE3LDE4LjI3MS00MC43MTcsNDAuNzI3YzAsOS42NzEsMy4zOTQsMTguNTYx LDkuMDQ1LDI1LjU1NGMtMTAuMjc5LDguOTk3LTE2LjQ1NywyMi4xMy0xNi40NTcsMzYuMjMyDQoJ CWMwLDUuNDMsNC40MDIsOS44MzMsOS44MzMsOS44MzNoNzYuNTkxYzUuNDMxLDAsOS44MzQtNC40 MDMsOS44MzQtOS44MzNDMjk3LDI2NC44MjEsMjkwLjgyMiwyNTEuNjg4LDI4MC41NDQsMjQyLjY5 eg0KCQkgTTI0OC44NzEsMTk2LjA3N2MxMS42MDYsMCwyMS4wNSw5LjQ0NywyMS4wNSwyMS4wNTlj MCwxMS42MTEtOS40NDMsMjEuMDU5LTIxLjA1LDIxLjA1OWMtMTEuNjA3LDAtMjEuMDQ5LTkuNDQ3 LTIxLjA0OS0yMS4wNTkNCgkJQzIyNy44MjIsMjA1LjUyNCwyMzcuMjY1LDE5Ni4wNzcsMjQ4Ljg3 MSwxOTYuMDc3eiBNMjIyLjE2NCwyNjkuMDg5YzIuMTQyLTUuODEsNi4xNDYtMTAuODI3LDExLjQ1 Ny0xNC4yMDENCgkJYzQuNzE0LDEuOTEyLDkuODU5LDIuOTc1LDE1LjI1LDIuOTc1YzUuMzkyLDAs MTAuNTM3LTEuMDYzLDE1LjI1LTIuOTc1YzUuMzEsMy4zNzQsOS4zMTUsOC4zOTEsMTEuNDU3LDE0 LjIwMUgyMjIuMTY0eiIvPg0KCTxwYXRoIGQ9Ik03OS44MDIsMjQyLjY5MWM1LjY1Mi02Ljk5Myw5 LjA0Ni0xNS44ODMsOS4wNDYtMjUuNTU1YzAtMjIuNDU3LTE4LjI2Ni00MC43MjctNDAuNzE2LTQw LjcyNw0KCQljLTIyLjQ1MywwLTQwLjcxOSwxOC4yNzEtNDAuNzE5LDQwLjcyN2MwLDkuNjcxLDMu MzkzLDE4LjU2MSw5LjA0NSwyNS41NTRDNi4xNzksMjUxLjY4OCwwLDI2NC44MjEsMCwyNzguOTIz DQoJCWMwLDUuNDMsNC40MDMsOS44MzMsOS44MzQsOS44MzNoNzYuNTkxYzUuNDMxLDAsOS44MzMt NC40MDMsOS44MzMtOS44MzNDOTYuMjU4LDI2NC44MjEsOTAuMDgsMjUxLjY4OSw3OS44MDIsMjQy LjY5MXoNCgkJIE00OC4xMzIsMTk2LjA3N2MxMS42MDYsMCwyMS4wNDgsOS40NDcsMjEuMDQ4LDIx LjA1OWMwLDExLjYxMS05LjQ0MSwyMS4wNTktMjEuMDQ4LDIxLjA1OWMtMTEuNjA3LDAtMjEuMDUy LTkuNDQ3LTIxLjA1Mi0yMS4wNTkNCgkJQzI3LjA4LDIwNS41MjQsMzYuNTI0LDE5Ni4wNzcsNDgu MTMyLDE5Ni4wNzd6IE0yMS40MjIsMjY5LjA4OWMyLjE0Mi01LjgxLDYuMTQ4LTEwLjgyNywxMS40 NTgtMTQuMjAxDQoJCWM0LjcxNCwxLjkxMiw5Ljg1OSwyLjk3NSwxNS4yNTIsMi45NzVjNS4zOSww LDEwLjUzNS0xLjA2MywxNS4yNDktMi45NzVjNS4zMDksMy4zNzUsOS4zMTMsOC4zOTIsMTEuNDU1 LDE0LjIwMUgyMS40MjJ6Ii8 + DQo8L2c + DQo8Zz4NCjwvZz4NCjxnPg0KPC9nPg0KPGc + DQo8L2c + DQo8Zz4NCjwvZz4NCjxnPg0KPC9nPg0KPGc + DQo8L2c + DQo8Zz4NCjwvZz4NCjxnPg0KPC9nPg0K PGc + DQo8L2c + DQo8Zz4NCjwvZz4NCjxnPg0KPC9nPg0KPGc + DQo8L2c + DQo8Zz4NCjwvZz4NCjxn Pg0KPC9nPg0KPGc + DQo8L2c + DQo8L3N2Zz4NCg = =",
    "CS 6220 Data Mining Techniques",
    1000,
    "Lorem Ipsum is simply dummy text of the printing and typesetting industry",
    8),

    ("PD94bWwgdmVyc2lvbj0iMS4wIiBlbmNvZGluZz0iaXNvLTg4NTktMSI/ Pg0KPCEtLSBHZW5lcmF0 b3I6IEFkb2JlIElsbHVzdHJhdG9yIDE4LjAuMCwgU1ZHIEV4cG9ydCBQbHVnLUluIC4gU1ZHIFZl cnNpb246IDYuMDAgQnVpbGQgMCkgIC0tPg0KPCFET0NUWVBFIHN2ZyBQVUJMSUMgIi0vL1czQy8v RFREIFNWRyAxLjEvL0VOIiAiaHR0cDovL3d3dy53My5vcmcvR3JhcGhpY3MvU1ZHLzEuMS9EVEQv c3ZnMTEuZHRkIj4NCjxzdmcgdmVyc2lvbj0iMS4xIiBpZD0iQ2FwYV8xIiB4bWxucz0iaHR0cDov L3d3dy53My5vcmcvMjAwMC9zdmciIHhtbG5zOnhsaW5rPSJodHRwOi8vd3d3LnczLm9yZy8xOTk5 L3hsaW5rIiB4PSIwcHgiIHk9IjBweCINCgkgdmlld0JveD0iMCAwIDI5NyAyOTciIHN0eWxlPSJl bmFibGUtYmFja2dyb3VuZDpuZXcgMCAwIDI5NyAyOTc7IiB4bWw6c3BhY2U9InByZXNlcnZlIj4N CjxnPg0KCTxwYXRoIGQ9Ik0xNy41NTUsMTY2LjkzNWgyNjIuNTA4YzUuNDMxLDAsOS44MzQtNC40 MDMsOS44MzQtOS44MzRWMTguMDc3YzAtNS40My00LjQwMy05LjgzMy05LjgzNC05LjgzM0gxNy41 NTUNCgkJYy01LjQzMSwwLTkuODM0LDQuNDAzLTkuODM0LDkuODMzdjEzOS4wMjNDNy43MjEsMTYy LjUzMSwxMi4xMjQsMTY2LjkzNSwxNy41NTUsMTY2LjkzNXogTTI3LjM4OSwyNy45MTFoMjQyLjg0 MXYxMTkuMzU1SDI3LjM4OQ0KCQlWMjcuOTExeiIvPg0KCTxwYXRoIGQ9Ik0xNDguODExLDMxLjQx NWMtMzAuOTY3LDAtNTYuMTYsMjUuMTk5LTU2LjE2LDU2LjE3MmMwLDMwLjk3NSwyNS4xOTMsNTYu MTc0LDU2LjE2LDU2LjE3NA0KCQljMzAuOTY1LDAsNTYuMTU1LTI1LjE5OSw1Ni4xNTUtNTYuMTc0 QzIwNC45NjcsNTYuNjE0LDE3OS43NzYsMzEuNDE1LDE0OC44MTEsMzEuNDE1eiBNMTQ4LjgxMSwx MjQuMDk0DQoJCWMtMjAuMTIyLDAtMzYuNDkzLTE2LjM3Ni0zNi40OTMtMzYuNTA3YzAtMjAuMTI4 LDE2LjM3MS0zNi41MDUsMzYuNDkzLTM2LjUwNWMyMC4xMTksMCwzNi40ODgsMTYuMzc3LDM2LjQ4 OCwzNi41MDUNCgkJQzE4NS4zLDEwNy43MTgsMTY4LjkzMSwxMjQuMDk0LDE0OC44MTEsMTI0LjA5 NHoiLz4NCgk8cGF0aCBkPSJNMTYxLjg5Myw4My44MTlsLTIxLjUyNi0xMy4yNTljLTEuMzY1LTAu ODM5LTMuMDc5LTAuODc2LTQuNDc5LTAuMDk1Yy0xLjM5OSwwLjc4MS0yLjI2NywyLjI2LTIuMjY3 LDMuODYzbDAuMDAxLDI2LjUxOA0KCQljMCwxLjYwNCwwLjg2NywzLjA4MiwyLjI2NywzLjg2NGMw LjY3MiwwLjM3NSwxLjQxNiwwLjU2MiwyLjE1OCwwLjU2MmMwLjgwNiwwLDEuNjEtMC4yMiwyLjMy MS0wLjY1OGwyMS41MjUtMTMuMjYNCgkJYzEuMzA4LTAuODA2LDIuMTA1LTIuMjMyLDIuMTA1LTMu NzY4QzE2My45OTcsODYuMDUxLDE2My4yLDg0LjYyNCwxNjEuODkzLDgzLjgxOXoiLz4NCgk8cGF0 aCBkPSJNMTgwLjQ4MSwyNDIuNjkxYzUuNjUtNi45OTMsOS4wNDUtMTUuODgzLDkuMDQ1LTI1LjU1 NWMwLTIyLjQ1Ny0xOC4yNjUtNDAuNzI3LTQwLjcxNC00MC43MjcNCgkJYy0yMi40NTQsMC00MC43 MiwxOC4yNzEtNDAuNzIsNDAuNzI3YzAsOS42NzEsMy4zOTQsMTguNTYxLDkuMDQ1LDI1LjU1NGMt MTAuMjc4LDguOTk3LTE2LjQ1NiwyMi4xMy0xNi40NTYsMzYuMjMyDQoJCWMwLDUuNDMsNC40MDMs OS44MzMsOS44MzQsOS44MzNoNzYuNTljNS40MzEsMCw5LjgzMy00LjQwMyw5LjgzMy05LjgzM0Mx OTYuOTM4LDI2NC44MjEsMTkwLjc2MSwyNTEuNjg5LDE4MC40ODEsMjQyLjY5MXoNCgkJIE0xNDgu ODEzLDE5Ni4wNzdjMTEuNjA1LDAsMjEuMDQ2LDkuNDQ3LDIxLjA0NiwyMS4wNTljMCwxMS42MTEt OS40NCwyMS4wNTktMjEuMDQ2LDIxLjA1OWMtMTEuNjA4LDAtMjEuMDUzLTkuNDQ3LTIxLjA1My0y MS4wNTkNCgkJQzEyNy43NiwyMDUuNTI0LDEzNy4yMDQsMTk2LjA3NywxNDguODEzLDE5Ni4wNzd6 IE0xMjIuMTAzLDI2OS4wODljMi4xNDItNS44MSw2LjE0Ny0xMC44MjcsMTEuNDU2LTE0LjIwMQ0K CQljNC43MTQsMS45MTIsOS44NiwyLjk3NSwxNS4yNTMsMi45NzVjNS4zOSwwLDEwLjUzNC0xLjA2 MywxNS4yNDctMi45NzVjNS4zMDksMy4zNzYsOS4zMTQsOC4zOTMsMTEuNDU3LDE0LjIwMUgxMjIu MTAzeiIvPg0KCTxwYXRoIGQ9Ik0yODAuNTQ0LDI0Mi42OWM1LjY1LTYuOTkzLDkuMDQ0LTE1Ljg4 Myw5LjA0NC0yNS41NTRjMC0yMi40NTctMTguMjY1LTQwLjcyNy00MC43MTctNDAuNzI3DQoJCWMt MjIuNDUxLDAtNDAuNzE3LDE4LjI3MS00MC43MTcsNDAuNzI3YzAsOS42NzEsMy4zOTQsMTguNTYx LDkuMDQ1LDI1LjU1NGMtMTAuMjc5LDguOTk3LTE2LjQ1NywyMi4xMy0xNi40NTcsMzYuMjMyDQoJ CWMwLDUuNDMsNC40MDIsOS44MzMsOS44MzMsOS44MzNoNzYuNTkxYzUuNDMxLDAsOS44MzQtNC40 MDMsOS44MzQtOS44MzNDMjk3LDI2NC44MjEsMjkwLjgyMiwyNTEuNjg4LDI4MC41NDQsMjQyLjY5 eg0KCQkgTTI0OC44NzEsMTk2LjA3N2MxMS42MDYsMCwyMS4wNSw5LjQ0NywyMS4wNSwyMS4wNTlj MCwxMS42MTEtOS40NDMsMjEuMDU5LTIxLjA1LDIxLjA1OWMtMTEuNjA3LDAtMjEuMDQ5LTkuNDQ3 LTIxLjA0OS0yMS4wNTkNCgkJQzIyNy44MjIsMjA1LjUyNCwyMzcuMjY1LDE5Ni4wNzcsMjQ4Ljg3 MSwxOTYuMDc3eiBNMjIyLjE2NCwyNjkuMDg5YzIuMTQyLTUuODEsNi4xNDYtMTAuODI3LDExLjQ1 Ny0xNC4yMDENCgkJYzQuNzE0LDEuOTEyLDkuODU5LDIuOTc1LDE1LjI1LDIuOTc1YzUuMzkyLDAs MTAuNTM3LTEuMDYzLDE1LjI1LTIuOTc1YzUuMzEsMy4zNzQsOS4zMTUsOC4zOTEsMTEuNDU3LDE0 LjIwMUgyMjIuMTY0eiIvPg0KCTxwYXRoIGQ9Ik03OS44MDIsMjQyLjY5MWM1LjY1Mi02Ljk5Myw5 LjA0Ni0xNS44ODMsOS4wNDYtMjUuNTU1YzAtMjIuNDU3LTE4LjI2Ni00MC43MjctNDAuNzE2LTQw LjcyNw0KCQljLTIyLjQ1MywwLTQwLjcxOSwxOC4yNzEtNDAuNzE5LDQwLjcyN2MwLDkuNjcxLDMu MzkzLDE4LjU2MSw5LjA0NSwyNS41NTRDNi4xNzksMjUxLjY4OCwwLDI2NC44MjEsMCwyNzguOTIz DQoJCWMwLDUuNDMsNC40MDMsOS44MzMsOS44MzQsOS44MzNoNzYuNTkxYzUuNDMxLDAsOS44MzMt NC40MDMsOS44MzMtOS44MzNDOTYuMjU4LDI2NC44MjEsOTAuMDgsMjUxLjY4OSw3OS44MDIsMjQy LjY5MXoNCgkJIE00OC4xMzIsMTk2LjA3N2MxMS42MDYsMCwyMS4wNDgsOS40NDcsMjEuMDQ4LDIx LjA1OWMwLDExLjYxMS05LjQ0MSwyMS4wNTktMjEuMDQ4LDIxLjA1OWMtMTEuNjA3LDAtMjEuMDUy LTkuNDQ3LTIxLjA1Mi0yMS4wNTkNCgkJQzI3LjA4LDIwNS41MjQsMzYuNTI0LDE5Ni4wNzcsNDgu MTMyLDE5Ni4wNzd6IE0yMS40MjIsMjY5LjA4OWMyLjE0Mi01LjgxLDYuMTQ4LTEwLjgyNywxMS40 NTgtMTQuMjAxDQoJCWM0LjcxNCwxLjkxMiw5Ljg1OSwyLjk3NSwxNS4yNTIsMi45NzVjNS4zOSww LDEwLjUzNS0xLjA2MywxNS4yNDktMi45NzVjNS4zMDksMy4zNzUsOS4zMTMsOC4zOTIsMTEuNDU1 LDE0LjIwMUgyMS40MjJ6Ii8 + DQo8L2c + DQo8Zz4NCjwvZz4NCjxnPg0KPC9nPg0KPGc + DQo8L2c + DQo8Zz4NCjwvZz4NCjxnPg0KPC9nPg0KPGc + DQo8L2c + DQo8Zz4NCjwvZz4NCjxnPg0KPC9nPg0K PGc + DQo8L2c + DQo8Zz4NCjwvZz4NCjxnPg0KPC9nPg0KPGc + DQo8L2c + DQo8Zz4NCjwvZz4NCjxn Pg0KPC9nPg0KPGc + DQo8L2c + DQo8L3N2Zz4NCg = =",
    "CS 6240 Large-Scale Parallel Data Processing",
    1580,
    "Lorem Ipsum is simply dummy text of the printing and typesetting industry",
    21),

    ("PD94bWwgdmVyc2lvbj0iMS4wIiBlbmNvZGluZz0iaXNvLTg4NTktMSI/ Pg0KPCEtLSBHZW5lcmF0 b3I6IEFkb2JlIElsbHVzdHJhdG9yIDE4LjAuMCwgU1ZHIEV4cG9ydCBQbHVnLUluIC4gU1ZHIFZl cnNpb246IDYuMDAgQnVpbGQgMCkgIC0tPg0KPCFET0NUWVBFIHN2ZyBQVUJMSUMgIi0vL1czQy8v RFREIFNWRyAxLjEvL0VOIiAiaHR0cDovL3d3dy53My5vcmcvR3JhcGhpY3MvU1ZHLzEuMS9EVEQv c3ZnMTEuZHRkIj4NCjxzdmcgdmVyc2lvbj0iMS4xIiBpZD0iQ2FwYV8xIiB4bWxucz0iaHR0cDov L3d3dy53My5vcmcvMjAwMC9zdmciIHhtbG5zOnhsaW5rPSJodHRwOi8vd3d3LnczLm9yZy8xOTk5 L3hsaW5rIiB4PSIwcHgiIHk9IjBweCINCgkgdmlld0JveD0iMCAwIDI5NyAyOTciIHN0eWxlPSJl bmFibGUtYmFja2dyb3VuZDpuZXcgMCAwIDI5NyAyOTc7IiB4bWw6c3BhY2U9InByZXNlcnZlIj4N CjxnPg0KCTxwYXRoIGQ9Ik0xNy41NTUsMTY2LjkzNWgyNjIuNTA4YzUuNDMxLDAsOS44MzQtNC40 MDMsOS44MzQtOS44MzRWMTguMDc3YzAtNS40My00LjQwMy05LjgzMy05LjgzNC05LjgzM0gxNy41 NTUNCgkJYy01LjQzMSwwLTkuODM0LDQuNDAzLTkuODM0LDkuODMzdjEzOS4wMjNDNy43MjEsMTYy LjUzMSwxMi4xMjQsMTY2LjkzNSwxNy41NTUsMTY2LjkzNXogTTI3LjM4OSwyNy45MTFoMjQyLjg0 MXYxMTkuMzU1SDI3LjM4OQ0KCQlWMjcuOTExeiIvPg0KCTxwYXRoIGQ9Ik0xNDguODExLDMxLjQx NWMtMzAuOTY3LDAtNTYuMTYsMjUuMTk5LTU2LjE2LDU2LjE3MmMwLDMwLjk3NSwyNS4xOTMsNTYu MTc0LDU2LjE2LDU2LjE3NA0KCQljMzAuOTY1LDAsNTYuMTU1LTI1LjE5OSw1Ni4xNTUtNTYuMTc0 QzIwNC45NjcsNTYuNjE0LDE3OS43NzYsMzEuNDE1LDE0OC44MTEsMzEuNDE1eiBNMTQ4LjgxMSwx MjQuMDk0DQoJCWMtMjAuMTIyLDAtMzYuNDkzLTE2LjM3Ni0zNi40OTMtMzYuNTA3YzAtMjAuMTI4 LDE2LjM3MS0zNi41MDUsMzYuNDkzLTM2LjUwNWMyMC4xMTksMCwzNi40ODgsMTYuMzc3LDM2LjQ4 OCwzNi41MDUNCgkJQzE4NS4zLDEwNy43MTgsMTY4LjkzMSwxMjQuMDk0LDE0OC44MTEsMTI0LjA5 NHoiLz4NCgk8cGF0aCBkPSJNMTYxLjg5Myw4My44MTlsLTIxLjUyNi0xMy4yNTljLTEuMzY1LTAu ODM5LTMuMDc5LTAuODc2LTQuNDc5LTAuMDk1Yy0xLjM5OSwwLjc4MS0yLjI2NywyLjI2LTIuMjY3 LDMuODYzbDAuMDAxLDI2LjUxOA0KCQljMCwxLjYwNCwwLjg2NywzLjA4MiwyLjI2NywzLjg2NGMw LjY3MiwwLjM3NSwxLjQxNiwwLjU2MiwyLjE1OCwwLjU2MmMwLjgwNiwwLDEuNjEtMC4yMiwyLjMy MS0wLjY1OGwyMS41MjUtMTMuMjYNCgkJYzEuMzA4LTAuODA2LDIuMTA1LTIuMjMyLDIuMTA1LTMu NzY4QzE2My45OTcsODYuMDUxLDE2My4yLDg0LjYyNCwxNjEuODkzLDgzLjgxOXoiLz4NCgk8cGF0 aCBkPSJNMTgwLjQ4MSwyNDIuNjkxYzUuNjUtNi45OTMsOS4wNDUtMTUuODgzLDkuMDQ1LTI1LjU1 NWMwLTIyLjQ1Ny0xOC4yNjUtNDAuNzI3LTQwLjcxNC00MC43MjcNCgkJYy0yMi40NTQsMC00MC43 MiwxOC4yNzEtNDAuNzIsNDAuNzI3YzAsOS42NzEsMy4zOTQsMTguNTYxLDkuMDQ1LDI1LjU1NGMt MTAuMjc4LDguOTk3LTE2LjQ1NiwyMi4xMy0xNi40NTYsMzYuMjMyDQoJCWMwLDUuNDMsNC40MDMs OS44MzMsOS44MzQsOS44MzNoNzYuNTljNS40MzEsMCw5LjgzMy00LjQwMyw5LjgzMy05LjgzM0Mx OTYuOTM4LDI2NC44MjEsMTkwLjc2MSwyNTEuNjg5LDE4MC40ODEsMjQyLjY5MXoNCgkJIE0xNDgu ODEzLDE5Ni4wNzdjMTEuNjA1LDAsMjEuMDQ2LDkuNDQ3LDIxLjA0NiwyMS4wNTljMCwxMS42MTEt OS40NCwyMS4wNTktMjEuMDQ2LDIxLjA1OWMtMTEuNjA4LDAtMjEuMDUzLTkuNDQ3LTIxLjA1My0y MS4wNTkNCgkJQzEyNy43NiwyMDUuNTI0LDEzNy4yMDQsMTk2LjA3NywxNDguODEzLDE5Ni4wNzd6 IE0xMjIuMTAzLDI2OS4wODljMi4xNDItNS44MSw2LjE0Ny0xMC44MjcsMTEuNDU2LTE0LjIwMQ0K CQljNC43MTQsMS45MTIsOS44NiwyLjk3NSwxNS4yNTMsMi45NzVjNS4zOSwwLDEwLjUzNC0xLjA2 MywxNS4yNDctMi45NzVjNS4zMDksMy4zNzYsOS4zMTQsOC4zOTMsMTEuNDU3LDE0LjIwMUgxMjIu MTAzeiIvPg0KCTxwYXRoIGQ9Ik0yODAuNTQ0LDI0Mi42OWM1LjY1LTYuOTkzLDkuMDQ0LTE1Ljg4 Myw5LjA0NC0yNS41NTRjMC0yMi40NTctMTguMjY1LTQwLjcyNy00MC43MTctNDAuNzI3DQoJCWMt MjIuNDUxLDAtNDAuNzE3LDE4LjI3MS00MC43MTcsNDAuNzI3YzAsOS42NzEsMy4zOTQsMTguNTYx LDkuMDQ1LDI1LjU1NGMtMTAuMjc5LDguOTk3LTE2LjQ1NywyMi4xMy0xNi40NTcsMzYuMjMyDQoJ CWMwLDUuNDMsNC40MDIsOS44MzMsOS44MzMsOS44MzNoNzYuNTkxYzUuNDMxLDAsOS44MzQtNC40 MDMsOS44MzQtOS44MzNDMjk3LDI2NC44MjEsMjkwLjgyMiwyNTEuNjg4LDI4MC41NDQsMjQyLjY5 eg0KCQkgTTI0OC44NzEsMTk2LjA3N2MxMS42MDYsMCwyMS4wNSw5LjQ0NywyMS4wNSwyMS4wNTlj MCwxMS42MTEtOS40NDMsMjEuMDU5LTIxLjA1LDIxLjA1OWMtMTEuNjA3LDAtMjEuMDQ5LTkuNDQ3 LTIxLjA0OS0yMS4wNTkNCgkJQzIyNy44MjIsMjA1LjUyNCwyMzcuMjY1LDE5Ni4wNzcsMjQ4Ljg3 MSwxOTYuMDc3eiBNMjIyLjE2NCwyNjkuMDg5YzIuMTQyLTUuODEsNi4xNDYtMTAuODI3LDExLjQ1 Ny0xNC4yMDENCgkJYzQuNzE0LDEuOTEyLDkuODU5LDIuOTc1LDE1LjI1LDIuOTc1YzUuMzkyLDAs MTAuNTM3LTEuMDYzLDE1LjI1LTIuOTc1YzUuMzEsMy4zNzQsOS4zMTUsOC4zOTEsMTEuNDU3LDE0 LjIwMUgyMjIuMTY0eiIvPg0KCTxwYXRoIGQ9Ik03OS44MDIsMjQyLjY5MWM1LjY1Mi02Ljk5Myw5 LjA0Ni0xNS44ODMsOS4wNDYtMjUuNTU1YzAtMjIuNDU3LTE4LjI2Ni00MC43MjctNDAuNzE2LTQw LjcyNw0KCQljLTIyLjQ1MywwLTQwLjcxOSwxOC4yNzEtNDAuNzE5LDQwLjcyN2MwLDkuNjcxLDMu MzkzLDE4LjU2MSw5LjA0NSwyNS41NTRDNi4xNzksMjUxLjY4OCwwLDI2NC44MjEsMCwyNzguOTIz DQoJCWMwLDUuNDMsNC40MDMsOS44MzMsOS44MzQsOS44MzNoNzYuNTkxYzUuNDMxLDAsOS44MzMt NC40MDMsOS44MzMtOS44MzNDOTYuMjU4LDI2NC44MjEsOTAuMDgsMjUxLjY4OSw3OS44MDIsMjQy LjY5MXoNCgkJIE00OC4xMzIsMTk2LjA3N2MxMS42MDYsMCwyMS4wNDgsOS40NDcsMjEuMDQ4LDIx LjA1OWMwLDExLjYxMS05LjQ0MSwyMS4wNTktMjEuMDQ4LDIxLjA1OWMtMTEuNjA3LDAtMjEuMDUy LTkuNDQ3LTIxLjA1Mi0yMS4wNTkNCgkJQzI3LjA4LDIwNS41MjQsMzYuNTI0LDE5Ni4wNzcsNDgu MTMyLDE5Ni4wNzd6IE0yMS40MjIsMjY5LjA4OWMyLjE0Mi01LjgxLDYuMTQ4LTEwLjgyNywxMS40 NTgtMTQuMjAxDQoJCWM0LjcxNCwxLjkxMiw5Ljg1OSwyLjk3NSwxNS4yNTIsMi45NzVjNS4zOSww LDEwLjUzNS0xLjA2MywxNS4yNDktMi45NzVjNS4zMDksMy4zNzUsOS4zMTMsOC4zOTIsMTEuNDU1 LDE0LjIwMUgyMS40MjJ6Ii8 + DQo8L2c + DQo8Zz4NCjwvZz4NCjxnPg0KPC9nPg0KPGc + DQo8L2c + DQo8Zz4NCjwvZz4NCjxnPg0KPC9nPg0KPGc + DQo8L2c + DQo8Zz4NCjwvZz4NCjxnPg0KPC9nPg0K PGc + DQo8L2c + DQo8Zz4NCjwvZz4NCjxnPg0KPC9nPg0KPGc + DQo8L2c + DQo8Zz4NCjwvZz4NCjxn Pg0KPC9nPg0KPGc + DQo8L2c + DQo8L3N2Zz4NCg = =",
    "CS 7270 Seminar in Database Systems",
    1900,
    "Lorem Ipsum is simply dummy text of the printing and typesetting industry",
    11),

    ("PD94bWwgdmVyc2lvbj0iMS4wIiBlbmNvZGluZz0iaXNvLTg4NTktMSI/ Pg0KPCEtLSBHZW5lcmF0 b3I6IEFkb2JlIElsbHVzdHJhdG9yIDE4LjAuMCwgU1ZHIEV4cG9ydCBQbHVnLUluIC4gU1ZHIFZl cnNpb246IDYuMDAgQnVpbGQgMCkgIC0tPg0KPCFET0NUWVBFIHN2ZyBQVUJMSUMgIi0vL1czQy8v RFREIFNWRyAxLjEvL0VOIiAiaHR0cDovL3d3dy53My5vcmcvR3JhcGhpY3MvU1ZHLzEuMS9EVEQv c3ZnMTEuZHRkIj4NCjxzdmcgdmVyc2lvbj0iMS4xIiBpZD0iQ2FwYV8xIiB4bWxucz0iaHR0cDov L3d3dy53My5vcmcvMjAwMC9zdmciIHhtbG5zOnhsaW5rPSJodHRwOi8vd3d3LnczLm9yZy8xOTk5 L3hsaW5rIiB4PSIwcHgiIHk9IjBweCINCgkgdmlld0JveD0iMCAwIDI5NyAyOTciIHN0eWxlPSJl bmFibGUtYmFja2dyb3VuZDpuZXcgMCAwIDI5NyAyOTc7IiB4bWw6c3BhY2U9InByZXNlcnZlIj4N CjxnPg0KCTxwYXRoIGQ9Ik0xNy41NTUsMTY2LjkzNWgyNjIuNTA4YzUuNDMxLDAsOS44MzQtNC40 MDMsOS44MzQtOS44MzRWMTguMDc3YzAtNS40My00LjQwMy05LjgzMy05LjgzNC05LjgzM0gxNy41 NTUNCgkJYy01LjQzMSwwLTkuODM0LDQuNDAzLTkuODM0LDkuODMzdjEzOS4wMjNDNy43MjEsMTYy LjUzMSwxMi4xMjQsMTY2LjkzNSwxNy41NTUsMTY2LjkzNXogTTI3LjM4OSwyNy45MTFoMjQyLjg0 MXYxMTkuMzU1SDI3LjM4OQ0KCQlWMjcuOTExeiIvPg0KCTxwYXRoIGQ9Ik0xNDguODExLDMxLjQx NWMtMzAuOTY3LDAtNTYuMTYsMjUuMTk5LTU2LjE2LDU2LjE3MmMwLDMwLjk3NSwyNS4xOTMsNTYu MTc0LDU2LjE2LDU2LjE3NA0KCQljMzAuOTY1LDAsNTYuMTU1LTI1LjE5OSw1Ni4xNTUtNTYuMTc0 QzIwNC45NjcsNTYuNjE0LDE3OS43NzYsMzEuNDE1LDE0OC44MTEsMzEuNDE1eiBNMTQ4LjgxMSwx MjQuMDk0DQoJCWMtMjAuMTIyLDAtMzYuNDkzLTE2LjM3Ni0zNi40OTMtMzYuNTA3YzAtMjAuMTI4 LDE2LjM3MS0zNi41MDUsMzYuNDkzLTM2LjUwNWMyMC4xMTksMCwzNi40ODgsMTYuMzc3LDM2LjQ4 OCwzNi41MDUNCgkJQzE4NS4zLDEwNy43MTgsMTY4LjkzMSwxMjQuMDk0LDE0OC44MTEsMTI0LjA5 NHoiLz4NCgk8cGF0aCBkPSJNMTYxLjg5Myw4My44MTlsLTIxLjUyNi0xMy4yNTljLTEuMzY1LTAu ODM5LTMuMDc5LTAuODc2LTQuNDc5LTAuMDk1Yy0xLjM5OSwwLjc4MS0yLjI2NywyLjI2LTIuMjY3 LDMuODYzbDAuMDAxLDI2LjUxOA0KCQljMCwxLjYwNCwwLjg2NywzLjA4MiwyLjI2NywzLjg2NGMw LjY3MiwwLjM3NSwxLjQxNiwwLjU2MiwyLjE1OCwwLjU2MmMwLjgwNiwwLDEuNjEtMC4yMiwyLjMy MS0wLjY1OGwyMS41MjUtMTMuMjYNCgkJYzEuMzA4LTAuODA2LDIuMTA1LTIuMjMyLDIuMTA1LTMu NzY4QzE2My45OTcsODYuMDUxLDE2My4yLDg0LjYyNCwxNjEuODkzLDgzLjgxOXoiLz4NCgk8cGF0 aCBkPSJNMTgwLjQ4MSwyNDIuNjkxYzUuNjUtNi45OTMsOS4wNDUtMTUuODgzLDkuMDQ1LTI1LjU1 NWMwLTIyLjQ1Ny0xOC4yNjUtNDAuNzI3LTQwLjcxNC00MC43MjcNCgkJYy0yMi40NTQsMC00MC43 MiwxOC4yNzEtNDAuNzIsNDAuNzI3YzAsOS42NzEsMy4zOTQsMTguNTYxLDkuMDQ1LDI1LjU1NGMt MTAuMjc4LDguOTk3LTE2LjQ1NiwyMi4xMy0xNi40NTYsMzYuMjMyDQoJCWMwLDUuNDMsNC40MDMs OS44MzMsOS44MzQsOS44MzNoNzYuNTljNS40MzEsMCw5LjgzMy00LjQwMyw5LjgzMy05LjgzM0Mx OTYuOTM4LDI2NC44MjEsMTkwLjc2MSwyNTEuNjg5LDE4MC40ODEsMjQyLjY5MXoNCgkJIE0xNDgu ODEzLDE5Ni4wNzdjMTEuNjA1LDAsMjEuMDQ2LDkuNDQ3LDIxLjA0NiwyMS4wNTljMCwxMS42MTEt OS40NCwyMS4wNTktMjEuMDQ2LDIxLjA1OWMtMTEuNjA4LDAtMjEuMDUzLTkuNDQ3LTIxLjA1My0y MS4wNTkNCgkJQzEyNy43NiwyMDUuNTI0LDEzNy4yMDQsMTk2LjA3NywxNDguODEzLDE5Ni4wNzd6 IE0xMjIuMTAzLDI2OS4wODljMi4xNDItNS44MSw2LjE0Ny0xMC44MjcsMTEuNDU2LTE0LjIwMQ0K CQljNC43MTQsMS45MTIsOS44NiwyLjk3NSwxNS4yNTMsMi45NzVjNS4zOSwwLDEwLjUzNC0xLjA2 MywxNS4yNDctMi45NzVjNS4zMDksMy4zNzYsOS4zMTQsOC4zOTMsMTEuNDU3LDE0LjIwMUgxMjIu MTAzeiIvPg0KCTxwYXRoIGQ9Ik0yODAuNTQ0LDI0Mi42OWM1LjY1LTYuOTkzLDkuMDQ0LTE1Ljg4 Myw5LjA0NC0yNS41NTRjMC0yMi40NTctMTguMjY1LTQwLjcyNy00MC43MTctNDAuNzI3DQoJCWMt MjIuNDUxLDAtNDAuNzE3LDE4LjI3MS00MC43MTcsNDAuNzI3YzAsOS42NzEsMy4zOTQsMTguNTYx LDkuMDQ1LDI1LjU1NGMtMTAuMjc5LDguOTk3LTE2LjQ1NywyMi4xMy0xNi40NTcsMzYuMjMyDQoJ CWMwLDUuNDMsNC40MDIsOS44MzMsOS44MzMsOS44MzNoNzYuNTkxYzUuNDMxLDAsOS44MzQtNC40 MDMsOS44MzQtOS44MzNDMjk3LDI2NC44MjEsMjkwLjgyMiwyNTEuNjg4LDI4MC41NDQsMjQyLjY5 eg0KCQkgTTI0OC44NzEsMTk2LjA3N2MxMS42MDYsMCwyMS4wNSw5LjQ0NywyMS4wNSwyMS4wNTlj MCwxMS42MTEtOS40NDMsMjEuMDU5LTIxLjA1LDIxLjA1OWMtMTEuNjA3LDAtMjEuMDQ5LTkuNDQ3 LTIxLjA0OS0yMS4wNTkNCgkJQzIyNy44MjIsMjA1LjUyNCwyMzcuMjY1LDE5Ni4wNzcsMjQ4Ljg3 MSwxOTYuMDc3eiBNMjIyLjE2NCwyNjkuMDg5YzIuMTQyLTUuODEsNi4xNDYtMTAuODI3LDExLjQ1 Ny0xNC4yMDENCgkJYzQuNzE0LDEuOTEyLDkuODU5LDIuOTc1LDE1LjI1LDIuOTc1YzUuMzkyLDAs MTAuNTM3LTEuMDYzLDE1LjI1LTIuOTc1YzUuMzEsMy4zNzQsOS4zMTUsOC4zOTEsMTEuNDU3LDE0 LjIwMUgyMjIuMTY0eiIvPg0KCTxwYXRoIGQ9Ik03OS44MDIsMjQyLjY5MWM1LjY1Mi02Ljk5Myw5 LjA0Ni0xNS44ODMsOS4wNDYtMjUuNTU1YzAtMjIuNDU3LTE4LjI2Ni00MC43MjctNDAuNzE2LTQw LjcyNw0KCQljLTIyLjQ1MywwLTQwLjcxOSwxOC4yNzEtNDAuNzE5LDQwLjcyN2MwLDkuNjcxLDMu MzkzLDE4LjU2MSw5LjA0NSwyNS41NTRDNi4xNzksMjUxLjY4OCwwLDI2NC44MjEsMCwyNzguOTIz DQoJCWMwLDUuNDMsNC40MDMsOS44MzMsOS44MzQsOS44MzNoNzYuNTkxYzUuNDMxLDAsOS44MzMt NC40MDMsOS44MzMtOS44MzNDOTYuMjU4LDI2NC44MjEsOTAuMDgsMjUxLjY4OSw3OS44MDIsMjQy LjY5MXoNCgkJIE00OC4xMzIsMTk2LjA3N2MxMS42MDYsMCwyMS4wNDgsOS40NDcsMjEuMDQ4LDIx LjA1OWMwLDExLjYxMS05LjQ0MSwyMS4wNTktMjEuMDQ4LDIxLjA1OWMtMTEuNjA3LDAtMjEuMDUy LTkuNDQ3LTIxLjA1Mi0yMS4wNTkNCgkJQzI3LjA4LDIwNS41MjQsMzYuNTI0LDE5Ni4wNzcsNDgu MTMyLDE5Ni4wNzd6IE0yMS40MjIsMjY5LjA4OWMyLjE0Mi01LjgxLDYuMTQ4LTEwLjgyNywxMS40 NTgtMTQuMjAxDQoJCWM0LjcxNCwxLjkxMiw5Ljg1OSwyLjk3NSwxNS4yNTIsMi45NzVjNS4zOSww LDEwLjUzNS0xLjA2MywxNS4yNDktMi45NzVjNS4zMDksMy4zNzUsOS4zMTMsOC4zOTIsMTEuNDU1 LDE0LjIwMUgyMS40MjJ6Ii8 + DQo8L2c + DQo8Zz4NCjwvZz4NCjxnPg0KPC9nPg0KPGc + DQo8L2c + DQo8Zz4NCjwvZz4NCjxnPg0KPC9nPg0KPGc + DQo8L2c + DQo8Zz4NCjwvZz4NCjxnPg0KPC9nPg0K PGc + DQo8L2c + DQo8Zz4NCjwvZz4NCjxnPg0KPC9nPg0KPGc + DQo8L2c + DQo8Zz4NCjwvZz4NCjxn Pg0KPC9nPg0KPGc + DQo8L2c + DQo8L3N2Zz4NCg = =",
    "CS 7280 Special Topics in Database Management",
    1800,
    "Lorem Ipsum is simply dummy text of the printing and typesetting industry",
    14),

    ("PD94bWwgdmVyc2lvbj0iMS4wIiBlbmNvZGluZz0iaXNvLTg4NTktMSI/ Pg0KPCEtLSBHZW5lcmF0 b3I6IEFkb2JlIElsbHVzdHJhdG9yIDE4LjAuMCwgU1ZHIEV4cG9ydCBQbHVnLUluIC4gU1ZHIFZl cnNpb246IDYuMDAgQnVpbGQgMCkgIC0tPg0KPCFET0NUWVBFIHN2ZyBQVUJMSUMgIi0vL1czQy8v RFREIFNWRyAxLjEvL0VOIiAiaHR0cDovL3d3dy53My5vcmcvR3JhcGhpY3MvU1ZHLzEuMS9EVEQv c3ZnMTEuZHRkIj4NCjxzdmcgdmVyc2lvbj0iMS4xIiBpZD0iQ2FwYV8xIiB4bWxucz0iaHR0cDov L3d3dy53My5vcmcvMjAwMC9zdmciIHhtbG5zOnhsaW5rPSJodHRwOi8vd3d3LnczLm9yZy8xOTk5 L3hsaW5rIiB4PSIwcHgiIHk9IjBweCINCgkgdmlld0JveD0iMCAwIDI5NyAyOTciIHN0eWxlPSJl bmFibGUtYmFja2dyb3VuZDpuZXcgMCAwIDI5NyAyOTc7IiB4bWw6c3BhY2U9InByZXNlcnZlIj4N CjxnPg0KCTxwYXRoIGQ9Ik0xNy41NTUsMTY2LjkzNWgyNjIuNTA4YzUuNDMxLDAsOS44MzQtNC40 MDMsOS44MzQtOS44MzRWMTguMDc3YzAtNS40My00LjQwMy05LjgzMy05LjgzNC05LjgzM0gxNy41 NTUNCgkJYy01LjQzMSwwLTkuODM0LDQuNDAzLTkuODM0LDkuODMzdjEzOS4wMjNDNy43MjEsMTYy LjUzMSwxMi4xMjQsMTY2LjkzNSwxNy41NTUsMTY2LjkzNXogTTI3LjM4OSwyNy45MTFoMjQyLjg0 MXYxMTkuMzU1SDI3LjM4OQ0KCQlWMjcuOTExeiIvPg0KCTxwYXRoIGQ9Ik0xNDguODExLDMxLjQx NWMtMzAuOTY3LDAtNTYuMTYsMjUuMTk5LTU2LjE2LDU2LjE3MmMwLDMwLjk3NSwyNS4xOTMsNTYu MTc0LDU2LjE2LDU2LjE3NA0KCQljMzAuOTY1LDAsNTYuMTU1LTI1LjE5OSw1Ni4xNTUtNTYuMTc0 QzIwNC45NjcsNTYuNjE0LDE3OS43NzYsMzEuNDE1LDE0OC44MTEsMzEuNDE1eiBNMTQ4LjgxMSwx MjQuMDk0DQoJCWMtMjAuMTIyLDAtMzYuNDkzLTE2LjM3Ni0zNi40OTMtMzYuNTA3YzAtMjAuMTI4 LDE2LjM3MS0zNi41MDUsMzYuNDkzLTM2LjUwNWMyMC4xMTksMCwzNi40ODgsMTYuMzc3LDM2LjQ4 OCwzNi41MDUNCgkJQzE4NS4zLDEwNy43MTgsMTY4LjkzMSwxMjQuMDk0LDE0OC44MTEsMTI0LjA5 NHoiLz4NCgk8cGF0aCBkPSJNMTYxLjg5Myw4My44MTlsLTIxLjUyNi0xMy4yNTljLTEuMzY1LTAu ODM5LTMuMDc5LTAuODc2LTQuNDc5LTAuMDk1Yy0xLjM5OSwwLjc4MS0yLjI2NywyLjI2LTIuMjY3 LDMuODYzbDAuMDAxLDI2LjUxOA0KCQljMCwxLjYwNCwwLjg2NywzLjA4MiwyLjI2NywzLjg2NGMw LjY3MiwwLjM3NSwxLjQxNiwwLjU2MiwyLjE1OCwwLjU2MmMwLjgwNiwwLDEuNjEtMC4yMiwyLjMy MS0wLjY1OGwyMS41MjUtMTMuMjYNCgkJYzEuMzA4LTAuODA2LDIuMTA1LTIuMjMyLDIuMTA1LTMu NzY4QzE2My45OTcsODYuMDUxLDE2My4yLDg0LjYyNCwxNjEuODkzLDgzLjgxOXoiLz4NCgk8cGF0 aCBkPSJNMTgwLjQ4MSwyNDIuNjkxYzUuNjUtNi45OTMsOS4wNDUtMTUuODgzLDkuMDQ1LTI1LjU1 NWMwLTIyLjQ1Ny0xOC4yNjUtNDAuNzI3LTQwLjcxNC00MC43MjcNCgkJYy0yMi40NTQsMC00MC43 MiwxOC4yNzEtNDAuNzIsNDAuNzI3YzAsOS42NzEsMy4zOTQsMTguNTYxLDkuMDQ1LDI1LjU1NGMt MTAuMjc4LDguOTk3LTE2LjQ1NiwyMi4xMy0xNi40NTYsMzYuMjMyDQoJCWMwLDUuNDMsNC40MDMs OS44MzMsOS44MzQsOS44MzNoNzYuNTljNS40MzEsMCw5LjgzMy00LjQwMyw5LjgzMy05LjgzM0Mx OTYuOTM4LDI2NC44MjEsMTkwLjc2MSwyNTEuNjg5LDE4MC40ODEsMjQyLjY5MXoNCgkJIE0xNDgu ODEzLDE5Ni4wNzdjMTEuNjA1LDAsMjEuMDQ2LDkuNDQ3LDIxLjA0NiwyMS4wNTljMCwxMS42MTEt OS40NCwyMS4wNTktMjEuMDQ2LDIxLjA1OWMtMTEuNjA4LDAtMjEuMDUzLTkuNDQ3LTIxLjA1My0y MS4wNTkNCgkJQzEyNy43NiwyMDUuNTI0LDEzNy4yMDQsMTk2LjA3NywxNDguODEzLDE5Ni4wNzd6 IE0xMjIuMTAzLDI2OS4wODljMi4xNDItNS44MSw2LjE0Ny0xMC44MjcsMTEuNDU2LTE0LjIwMQ0K CQljNC43MTQsMS45MTIsOS44NiwyLjk3NSwxNS4yNTMsMi45NzVjNS4zOSwwLDEwLjUzNC0xLjA2 MywxNS4yNDctMi45NzVjNS4zMDksMy4zNzYsOS4zMTQsOC4zOTMsMTEuNDU3LDE0LjIwMUgxMjIu MTAzeiIvPg0KCTxwYXRoIGQ9Ik0yODAuNTQ0LDI0Mi42OWM1LjY1LTYuOTkzLDkuMDQ0LTE1Ljg4 Myw5LjA0NC0yNS41NTRjMC0yMi40NTctMTguMjY1LTQwLjcyNy00MC43MTctNDAuNzI3DQoJCWMt MjIuNDUxLDAtNDAuNzE3LDE4LjI3MS00MC43MTcsNDAuNzI3YzAsOS42NzEsMy4zOTQsMTguNTYx LDkuMDQ1LDI1LjU1NGMtMTAuMjc5LDguOTk3LTE2LjQ1NywyMi4xMy0xNi40NTcsMzYuMjMyDQoJ CWMwLDUuNDMsNC40MDIsOS44MzMsOS44MzMsOS44MzNoNzYuNTkxYzUuNDMxLDAsOS44MzQtNC40 MDMsOS44MzQtOS44MzNDMjk3LDI2NC44MjEsMjkwLjgyMiwyNTEuNjg4LDI4MC41NDQsMjQyLjY5 eg0KCQkgTTI0OC44NzEsMTk2LjA3N2MxMS42MDYsMCwyMS4wNSw5LjQ0NywyMS4wNSwyMS4wNTlj MCwxMS42MTEtOS40NDMsMjEuMDU5LTIxLjA1LDIxLjA1OWMtMTEuNjA3LDAtMjEuMDQ5LTkuNDQ3 LTIxLjA0OS0yMS4wNTkNCgkJQzIyNy44MjIsMjA1LjUyNCwyMzcuMjY1LDE5Ni4wNzcsMjQ4Ljg3 MSwxOTYuMDc3eiBNMjIyLjE2NCwyNjkuMDg5YzIuMTQyLTUuODEsNi4xNDYtMTAuODI3LDExLjQ1 Ny0xNC4yMDENCgkJYzQuNzE0LDEuOTEyLDkuODU5LDIuOTc1LDE1LjI1LDIuOTc1YzUuMzkyLDAs MTAuNTM3LTEuMDYzLDE1LjI1LTIuOTc1YzUuMzEsMy4zNzQsOS4zMTUsOC4zOTEsMTEuNDU3LDE0 LjIwMUgyMjIuMTY0eiIvPg0KCTxwYXRoIGQ9Ik03OS44MDIsMjQyLjY5MWM1LjY1Mi02Ljk5Myw5 LjA0Ni0xNS44ODMsOS4wNDYtMjUuNTU1YzAtMjIuNDU3LTE4LjI2Ni00MC43MjctNDAuNzE2LTQw LjcyNw0KCQljLTIyLjQ1MywwLTQwLjcxOSwxOC4yNzEtNDAuNzE5LDQwLjcyN2MwLDkuNjcxLDMu MzkzLDE4LjU2MSw5LjA0NSwyNS41NTRDNi4xNzksMjUxLjY4OCwwLDI2NC44MjEsMCwyNzguOTIz DQoJCWMwLDUuNDMsNC40MDMsOS44MzMsOS44MzQsOS44MzNoNzYuNTkxYzUuNDMxLDAsOS44MzMt NC40MDMsOS44MzMtOS44MzNDOTYuMjU4LDI2NC44MjEsOTAuMDgsMjUxLjY4OSw3OS44MDIsMjQy LjY5MXoNCgkJIE00OC4xMzIsMTk2LjA3N2MxMS42MDYsMCwyMS4wNDgsOS40NDcsMjEuMDQ4LDIx LjA1OWMwLDExLjYxMS05LjQ0MSwyMS4wNTktMjEuMDQ4LDIxLjA1OWMtMTEuNjA3LDAtMjEuMDUy LTkuNDQ3LTIxLjA1Mi0yMS4wNTkNCgkJQzI3LjA4LDIwNS41MjQsMzYuNTI0LDE5Ni4wNzcsNDgu MTMyLDE5Ni4wNzd6IE0yMS40MjIsMjY5LjA4OWMyLjE0Mi01LjgxLDYuMTQ4LTEwLjgyNywxMS40 NTgtMTQuMjAxDQoJCWM0LjcxNCwxLjkxMiw5Ljg1OSwyLjk3NSwxNS4yNTIsMi45NzVjNS4zOSww LDEwLjUzNS0xLjA2MywxNS4yNDktMi45NzVjNS4zMDksMy4zNzUsOS4zMTMsOC4zOTIsMTEuNDU1 LDE0LjIwMUgyMS40MjJ6Ii8 + DQo8L2c + DQo8Zz4NCjwvZz4NCjxnPg0KPC9nPg0KPGc + DQo8L2c + DQo8Zz4NCjwvZz4NCjxnPg0KPC9nPg0KPGc + DQo8L2c + DQo8Zz4NCjwvZz4NCjxnPg0KPC9nPg0K PGc + DQo8L2c + DQo8Zz4NCjwvZz4NCjxnPg0KPC9nPg0KPGc + DQo8L2c + DQo8Zz4NCjwvZz4NCjxn Pg0KPC9nPg0KPGc + DQo8L2c + DQo8L3N2Zz4NCg = =",
    "CS 5770 Software Vulnerabilities and Security",
    1330,
    "Lorem Ipsum is simply dummy text of the printing and typesetting industry",
    17),

    ("PD94bWwgdmVyc2lvbj0iMS4wIiBlbmNvZGluZz0iaXNvLTg4NTktMSI/ Pg0KPCEtLSBHZW5lcmF0 b3I6IEFkb2JlIElsbHVzdHJhdG9yIDE4LjAuMCwgU1ZHIEV4cG9ydCBQbHVnLUluIC4gU1ZHIFZl cnNpb246IDYuMDAgQnVpbGQgMCkgIC0tPg0KPCFET0NUWVBFIHN2ZyBQVUJMSUMgIi0vL1czQy8v RFREIFNWRyAxLjEvL0VOIiAiaHR0cDovL3d3dy53My5vcmcvR3JhcGhpY3MvU1ZHLzEuMS9EVEQv c3ZnMTEuZHRkIj4NCjxzdmcgdmVyc2lvbj0iMS4xIiBpZD0iQ2FwYV8xIiB4bWxucz0iaHR0cDov L3d3dy53My5vcmcvMjAwMC9zdmciIHhtbG5zOnhsaW5rPSJodHRwOi8vd3d3LnczLm9yZy8xOTk5 L3hsaW5rIiB4PSIwcHgiIHk9IjBweCINCgkgdmlld0JveD0iMCAwIDI5NyAyOTciIHN0eWxlPSJl bmFibGUtYmFja2dyb3VuZDpuZXcgMCAwIDI5NyAyOTc7IiB4bWw6c3BhY2U9InByZXNlcnZlIj4N CjxnPg0KCTxwYXRoIGQ9Ik0xNy41NTUsMTY2LjkzNWgyNjIuNTA4YzUuNDMxLDAsOS44MzQtNC40 MDMsOS44MzQtOS44MzRWMTguMDc3YzAtNS40My00LjQwMy05LjgzMy05LjgzNC05LjgzM0gxNy41 NTUNCgkJYy01LjQzMSwwLTkuODM0LDQuNDAzLTkuODM0LDkuODMzdjEzOS4wMjNDNy43MjEsMTYy LjUzMSwxMi4xMjQsMTY2LjkzNSwxNy41NTUsMTY2LjkzNXogTTI3LjM4OSwyNy45MTFoMjQyLjg0 MXYxMTkuMzU1SDI3LjM4OQ0KCQlWMjcuOTExeiIvPg0KCTxwYXRoIGQ9Ik0xNDguODExLDMxLjQx NWMtMzAuOTY3LDAtNTYuMTYsMjUuMTk5LTU2LjE2LDU2LjE3MmMwLDMwLjk3NSwyNS4xOTMsNTYu MTc0LDU2LjE2LDU2LjE3NA0KCQljMzAuOTY1LDAsNTYuMTU1LTI1LjE5OSw1Ni4xNTUtNTYuMTc0 QzIwNC45NjcsNTYuNjE0LDE3OS43NzYsMzEuNDE1LDE0OC44MTEsMzEuNDE1eiBNMTQ4LjgxMSwx MjQuMDk0DQoJCWMtMjAuMTIyLDAtMzYuNDkzLTE2LjM3Ni0zNi40OTMtMzYuNTA3YzAtMjAuMTI4 LDE2LjM3MS0zNi41MDUsMzYuNDkzLTM2LjUwNWMyMC4xMTksMCwzNi40ODgsMTYuMzc3LDM2LjQ4 OCwzNi41MDUNCgkJQzE4NS4zLDEwNy43MTgsMTY4LjkzMSwxMjQuMDk0LDE0OC44MTEsMTI0LjA5 NHoiLz4NCgk8cGF0aCBkPSJNMTYxLjg5Myw4My44MTlsLTIxLjUyNi0xMy4yNTljLTEuMzY1LTAu ODM5LTMuMDc5LTAuODc2LTQuNDc5LTAuMDk1Yy0xLjM5OSwwLjc4MS0yLjI2NywyLjI2LTIuMjY3 LDMuODYzbDAuMDAxLDI2LjUxOA0KCQljMCwxLjYwNCwwLjg2NywzLjA4MiwyLjI2NywzLjg2NGMw LjY3MiwwLjM3NSwxLjQxNiwwLjU2MiwyLjE1OCwwLjU2MmMwLjgwNiwwLDEuNjEtMC4yMiwyLjMy MS0wLjY1OGwyMS41MjUtMTMuMjYNCgkJYzEuMzA4LTAuODA2LDIuMTA1LTIuMjMyLDIuMTA1LTMu NzY4QzE2My45OTcsODYuMDUxLDE2My4yLDg0LjYyNCwxNjEuODkzLDgzLjgxOXoiLz4NCgk8cGF0 aCBkPSJNMTgwLjQ4MSwyNDIuNjkxYzUuNjUtNi45OTMsOS4wNDUtMTUuODgzLDkuMDQ1LTI1LjU1 NWMwLTIyLjQ1Ny0xOC4yNjUtNDAuNzI3LTQwLjcxNC00MC43MjcNCgkJYy0yMi40NTQsMC00MC43 MiwxOC4yNzEtNDAuNzIsNDAuNzI3YzAsOS42NzEsMy4zOTQsMTguNTYxLDkuMDQ1LDI1LjU1NGMt MTAuMjc4LDguOTk3LTE2LjQ1NiwyMi4xMy0xNi40NTYsMzYuMjMyDQoJCWMwLDUuNDMsNC40MDMs OS44MzMsOS44MzQsOS44MzNoNzYuNTljNS40MzEsMCw5LjgzMy00LjQwMyw5LjgzMy05LjgzM0Mx OTYuOTM4LDI2NC44MjEsMTkwLjc2MSwyNTEuNjg5LDE4MC40ODEsMjQyLjY5MXoNCgkJIE0xNDgu ODEzLDE5Ni4wNzdjMTEuNjA1LDAsMjEuMDQ2LDkuNDQ3LDIxLjA0NiwyMS4wNTljMCwxMS42MTEt OS40NCwyMS4wNTktMjEuMDQ2LDIxLjA1OWMtMTEuNjA4LDAtMjEuMDUzLTkuNDQ3LTIxLjA1My0y MS4wNTkNCgkJQzEyNy43NiwyMDUuNTI0LDEzNy4yMDQsMTk2LjA3NywxNDguODEzLDE5Ni4wNzd6 IE0xMjIuMTAzLDI2OS4wODljMi4xNDItNS44MSw2LjE0Ny0xMC44MjcsMTEuNDU2LTE0LjIwMQ0K CQljNC43MTQsMS45MTIsOS44NiwyLjk3NSwxNS4yNTMsMi45NzVjNS4zOSwwLDEwLjUzNC0xLjA2 MywxNS4yNDctMi45NzVjNS4zMDksMy4zNzYsOS4zMTQsOC4zOTMsMTEuNDU3LDE0LjIwMUgxMjIu MTAzeiIvPg0KCTxwYXRoIGQ9Ik0yODAuNTQ0LDI0Mi42OWM1LjY1LTYuOTkzLDkuMDQ0LTE1Ljg4 Myw5LjA0NC0yNS41NTRjMC0yMi40NTctMTguMjY1LTQwLjcyNy00MC43MTctNDAuNzI3DQoJCWMt MjIuNDUxLDAtNDAuNzE3LDE4LjI3MS00MC43MTcsNDAuNzI3YzAsOS42NzEsMy4zOTQsMTguNTYx LDkuMDQ1LDI1LjU1NGMtMTAuMjc5LDguOTk3LTE2LjQ1NywyMi4xMy0xNi40NTcsMzYuMjMyDQoJ CWMwLDUuNDMsNC40MDIsOS44MzMsOS44MzMsOS44MzNoNzYuNTkxYzUuNDMxLDAsOS44MzQtNC40 MDMsOS44MzQtOS44MzNDMjk3LDI2NC44MjEsMjkwLjgyMiwyNTEuNjg4LDI4MC41NDQsMjQyLjY5 eg0KCQkgTTI0OC44NzEsMTk2LjA3N2MxMS42MDYsMCwyMS4wNSw5LjQ0NywyMS4wNSwyMS4wNTlj MCwxMS42MTEtOS40NDMsMjEuMDU5LTIxLjA1LDIxLjA1OWMtMTEuNjA3LDAtMjEuMDQ5LTkuNDQ3 LTIxLjA0OS0yMS4wNTkNCgkJQzIyNy44MjIsMjA1LjUyNCwyMzcuMjY1LDE5Ni4wNzcsMjQ4Ljg3 MSwxOTYuMDc3eiBNMjIyLjE2NCwyNjkuMDg5YzIuMTQyLTUuODEsNi4xNDYtMTAuODI3LDExLjQ1 Ny0xNC4yMDENCgkJYzQuNzE0LDEuOTEyLDkuODU5LDIuOTc1LDE1LjI1LDIuOTc1YzUuMzkyLDAs MTAuNTM3LTEuMDYzLDE1LjI1LTIuOTc1YzUuMzEsMy4zNzQsOS4zMTUsOC4zOTEsMTEuNDU3LDE0 LjIwMUgyMjIuMTY0eiIvPg0KCTxwYXRoIGQ9Ik03OS44MDIsMjQyLjY5MWM1LjY1Mi02Ljk5Myw5 LjA0Ni0xNS44ODMsOS4wNDYtMjUuNTU1YzAtMjIuNDU3LTE4LjI2Ni00MC43MjctNDAuNzE2LTQw LjcyNw0KCQljLTIyLjQ1MywwLTQwLjcxOSwxOC4yNzEtNDAuNzE5LDQwLjcyN2MwLDkuNjcxLDMu MzkzLDE4LjU2MSw5LjA0NSwyNS41NTRDNi4xNzksMjUxLjY4OCwwLDI2NC44MjEsMCwyNzguOTIz DQoJCWMwLDUuNDMsNC40MDMsOS44MzMsOS44MzQsOS44MzNoNzYuNTkxYzUuNDMxLDAsOS44MzMt NC40MDMsOS44MzMtOS44MzNDOTYuMjU4LDI2NC44MjEsOTAuMDgsMjUxLjY4OSw3OS44MDIsMjQy LjY5MXoNCgkJIE00OC4xMzIsMTk2LjA3N2MxMS42MDYsMCwyMS4wNDgsOS40NDcsMjEuMDQ4LDIx LjA1OWMwLDExLjYxMS05LjQ0MSwyMS4wNTktMjEuMDQ4LDIxLjA1OWMtMTEuNjA3LDAtMjEuMDUy LTkuNDQ3LTIxLjA1Mi0yMS4wNTkNCgkJQzI3LjA4LDIwNS41MjQsMzYuNTI0LDE5Ni4wNzcsNDgu MTMyLDE5Ni4wNzd6IE0yMS40MjIsMjY5LjA4OWMyLjE0Mi01LjgxLDYuMTQ4LTEwLjgyNywxMS40 NTgtMTQuMjAxDQoJCWM0LjcxNCwxLjkxMiw5Ljg1OSwyLjk3NSwxNS4yNTIsMi45NzVjNS4zOSww LDEwLjUzNS0xLjA2MywxNS4yNDktMi45NzVjNS4zMDksMy4zNzUsOS4zMTMsOC4zOTIsMTEuNDU1 LDE0LjIwMUgyMS40MjJ6Ii8 + DQo8L2c + DQo8Zz4NCjwvZz4NCjxnPg0KPC9nPg0KPGc + DQo8L2c + DQo8Zz4NCjwvZz4NCjxnPg0KPC9nPg0KPGc + DQo8L2c + DQo8Zz4NCjwvZz4NCjxnPg0KPC9nPg0K PGc + DQo8L2c + DQo8Zz4NCjwvZz4NCjxnPg0KPC9nPg0KPGc + DQo8L2c + DQo8Zz4NCjwvZz4NCjxn Pg0KPC9nPg0KPGc + DQo8L2c + DQo8L3N2Zz4NCg = =",
    "CS 6540 Foundations of Formal Methods and Software Analysis",
    1630,
    "Lorem Ipsum is simply dummy text of the printing and typesetting industry",
    19),

    ("PD94bWwgdmVyc2lvbj0iMS4wIiBlbmNvZGluZz0iaXNvLTg4NTktMSI/ Pg0KPCEtLSBHZW5lcmF0 b3I6IEFkb2JlIElsbHVzdHJhdG9yIDE4LjAuMCwgU1ZHIEV4cG9ydCBQbHVnLUluIC4gU1ZHIFZl cnNpb246IDYuMDAgQnVpbGQgMCkgIC0tPg0KPCFET0NUWVBFIHN2ZyBQVUJMSUMgIi0vL1czQy8v RFREIFNWRyAxLjEvL0VOIiAiaHR0cDovL3d3dy53My5vcmcvR3JhcGhpY3MvU1ZHLzEuMS9EVEQv c3ZnMTEuZHRkIj4NCjxzdmcgdmVyc2lvbj0iMS4xIiBpZD0iQ2FwYV8xIiB4bWxucz0iaHR0cDov L3d3dy53My5vcmcvMjAwMC9zdmciIHhtbG5zOnhsaW5rPSJodHRwOi8vd3d3LnczLm9yZy8xOTk5 L3hsaW5rIiB4PSIwcHgiIHk9IjBweCINCgkgdmlld0JveD0iMCAwIDI5NyAyOTciIHN0eWxlPSJl bmFibGUtYmFja2dyb3VuZDpuZXcgMCAwIDI5NyAyOTc7IiB4bWw6c3BhY2U9InByZXNlcnZlIj4N CjxnPg0KCTxwYXRoIGQ9Ik0xNy41NTUsMTY2LjkzNWgyNjIuNTA4YzUuNDMxLDAsOS44MzQtNC40 MDMsOS44MzQtOS44MzRWMTguMDc3YzAtNS40My00LjQwMy05LjgzMy05LjgzNC05LjgzM0gxNy41 NTUNCgkJYy01LjQzMSwwLTkuODM0LDQuNDAzLTkuODM0LDkuODMzdjEzOS4wMjNDNy43MjEsMTYy LjUzMSwxMi4xMjQsMTY2LjkzNSwxNy41NTUsMTY2LjkzNXogTTI3LjM4OSwyNy45MTFoMjQyLjg0 MXYxMTkuMzU1SDI3LjM4OQ0KCQlWMjcuOTExeiIvPg0KCTxwYXRoIGQ9Ik0xNDguODExLDMxLjQx NWMtMzAuOTY3LDAtNTYuMTYsMjUuMTk5LTU2LjE2LDU2LjE3MmMwLDMwLjk3NSwyNS4xOTMsNTYu MTc0LDU2LjE2LDU2LjE3NA0KCQljMzAuOTY1LDAsNTYuMTU1LTI1LjE5OSw1Ni4xNTUtNTYuMTc0 QzIwNC45NjcsNTYuNjE0LDE3OS43NzYsMzEuNDE1LDE0OC44MTEsMzEuNDE1eiBNMTQ4LjgxMSwx MjQuMDk0DQoJCWMtMjAuMTIyLDAtMzYuNDkzLTE2LjM3Ni0zNi40OTMtMzYuNTA3YzAtMjAuMTI4 LDE2LjM3MS0zNi41MDUsMzYuNDkzLTM2LjUwNWMyMC4xMTksMCwzNi40ODgsMTYuMzc3LDM2LjQ4 OCwzNi41MDUNCgkJQzE4NS4zLDEwNy43MTgsMTY4LjkzMSwxMjQuMDk0LDE0OC44MTEsMTI0LjA5 NHoiLz4NCgk8cGF0aCBkPSJNMTYxLjg5Myw4My44MTlsLTIxLjUyNi0xMy4yNTljLTEuMzY1LTAu ODM5LTMuMDc5LTAuODc2LTQuNDc5LTAuMDk1Yy0xLjM5OSwwLjc4MS0yLjI2NywyLjI2LTIuMjY3 LDMuODYzbDAuMDAxLDI2LjUxOA0KCQljMCwxLjYwNCwwLjg2NywzLjA4MiwyLjI2NywzLjg2NGMw LjY3MiwwLjM3NSwxLjQxNiwwLjU2MiwyLjE1OCwwLjU2MmMwLjgwNiwwLDEuNjEtMC4yMiwyLjMy MS0wLjY1OGwyMS41MjUtMTMuMjYNCgkJYzEuMzA4LTAuODA2LDIuMTA1LTIuMjMyLDIuMTA1LTMu NzY4QzE2My45OTcsODYuMDUxLDE2My4yLDg0LjYyNCwxNjEuODkzLDgzLjgxOXoiLz4NCgk8cGF0 aCBkPSJNMTgwLjQ4MSwyNDIuNjkxYzUuNjUtNi45OTMsOS4wNDUtMTUuODgzLDkuMDQ1LTI1LjU1 NWMwLTIyLjQ1Ny0xOC4yNjUtNDAuNzI3LTQwLjcxNC00MC43MjcNCgkJYy0yMi40NTQsMC00MC43 MiwxOC4yNzEtNDAuNzIsNDAuNzI3YzAsOS42NzEsMy4zOTQsMTguNTYxLDkuMDQ1LDI1LjU1NGMt MTAuMjc4LDguOTk3LTE2LjQ1NiwyMi4xMy0xNi40NTYsMzYuMjMyDQoJCWMwLDUuNDMsNC40MDMs OS44MzMsOS44MzQsOS44MzNoNzYuNTljNS40MzEsMCw5LjgzMy00LjQwMyw5LjgzMy05LjgzM0Mx OTYuOTM4LDI2NC44MjEsMTkwLjc2MSwyNTEuNjg5LDE4MC40ODEsMjQyLjY5MXoNCgkJIE0xNDgu ODEzLDE5Ni4wNzdjMTEuNjA1LDAsMjEuMDQ2LDkuNDQ3LDIxLjA0NiwyMS4wNTljMCwxMS42MTEt OS40NCwyMS4wNTktMjEuMDQ2LDIxLjA1OWMtMTEuNjA4LDAtMjEuMDUzLTkuNDQ3LTIxLjA1My0y MS4wNTkNCgkJQzEyNy43NiwyMDUuNTI0LDEzNy4yMDQsMTk2LjA3NywxNDguODEzLDE5Ni4wNzd6 IE0xMjIuMTAzLDI2OS4wODljMi4xNDItNS44MSw2LjE0Ny0xMC44MjcsMTEuNDU2LTE0LjIwMQ0K CQljNC43MTQsMS45MTIsOS44NiwyLjk3NSwxNS4yNTMsMi45NzVjNS4zOSwwLDEwLjUzNC0xLjA2 MywxNS4yNDctMi45NzVjNS4zMDksMy4zNzYsOS4zMTQsOC4zOTMsMTEuNDU3LDE0LjIwMUgxMjIu MTAzeiIvPg0KCTxwYXRoIGQ9Ik0yODAuNTQ0LDI0Mi42OWM1LjY1LTYuOTkzLDkuMDQ0LTE1Ljg4 Myw5LjA0NC0yNS41NTRjMC0yMi40NTctMTguMjY1LTQwLjcyNy00MC43MTctNDAuNzI3DQoJCWMt MjIuNDUxLDAtNDAuNzE3LDE4LjI3MS00MC43MTcsNDAuNzI3YzAsOS42NzEsMy4zOTQsMTguNTYx LDkuMDQ1LDI1LjU1NGMtMTAuMjc5LDguOTk3LTE2LjQ1NywyMi4xMy0xNi40NTcsMzYuMjMyDQoJ CWMwLDUuNDMsNC40MDIsOS44MzMsOS44MzMsOS44MzNoNzYuNTkxYzUuNDMxLDAsOS44MzQtNC40 MDMsOS44MzQtOS44MzNDMjk3LDI2NC44MjEsMjkwLjgyMiwyNTEuNjg4LDI4MC41NDQsMjQyLjY5 eg0KCQkgTTI0OC44NzEsMTk2LjA3N2MxMS42MDYsMCwyMS4wNSw5LjQ0NywyMS4wNSwyMS4wNTlj MCwxMS42MTEtOS40NDMsMjEuMDU5LTIxLjA1LDIxLjA1OWMtMTEuNjA3LDAtMjEuMDQ5LTkuNDQ3 LTIxLjA0OS0yMS4wNTkNCgkJQzIyNy44MjIsMjA1LjUyNCwyMzcuMjY1LDE5Ni4wNzcsMjQ4Ljg3 MSwxOTYuMDc3eiBNMjIyLjE2NCwyNjkuMDg5YzIuMTQyLTUuODEsNi4xNDYtMTAuODI3LDExLjQ1 Ny0xNC4yMDENCgkJYzQuNzE0LDEuOTEyLDkuODU5LDIuOTc1LDE1LjI1LDIuOTc1YzUuMzkyLDAs MTAuNTM3LTEuMDYzLDE1LjI1LTIuOTc1YzUuMzEsMy4zNzQsOS4zMTUsOC4zOTEsMTEuNDU3LDE0 LjIwMUgyMjIuMTY0eiIvPg0KCTxwYXRoIGQ9Ik03OS44MDIsMjQyLjY5MWM1LjY1Mi02Ljk5Myw5 LjA0Ni0xNS44ODMsOS4wNDYtMjUuNTU1YzAtMjIuNDU3LTE4LjI2Ni00MC43MjctNDAuNzE2LTQw LjcyNw0KCQljLTIyLjQ1MywwLTQwLjcxOSwxOC4yNzEtNDAuNzE5LDQwLjcyN2MwLDkuNjcxLDMu MzkzLDE4LjU2MSw5LjA0NSwyNS41NTRDNi4xNzksMjUxLjY4OCwwLDI2NC44MjEsMCwyNzguOTIz DQoJCWMwLDUuNDMsNC40MDMsOS44MzMsOS44MzQsOS44MzNoNzYuNTkxYzUuNDMxLDAsOS44MzMt NC40MDMsOS44MzMtOS44MzNDOTYuMjU4LDI2NC44MjEsOTAuMDgsMjUxLjY4OSw3OS44MDIsMjQy LjY5MXoNCgkJIE00OC4xMzIsMTk2LjA3N2MxMS42MDYsMCwyMS4wNDgsOS40NDcsMjEuMDQ4LDIx LjA1OWMwLDExLjYxMS05LjQ0MSwyMS4wNTktMjEuMDQ4LDIxLjA1OWMtMTEuNjA3LDAtMjEuMDUy LTkuNDQ3LTIxLjA1Mi0yMS4wNTkNCgkJQzI3LjA4LDIwNS41MjQsMzYuNTI0LDE5Ni4wNzcsNDgu MTMyLDE5Ni4wNzd6IE0yMS40MjIsMjY5LjA4OWMyLjE0Mi01LjgxLDYuMTQ4LTEwLjgyNywxMS40 NTgtMTQuMjAxDQoJCWM0LjcxNCwxLjkxMiw5Ljg1OSwyLjk3NSwxNS4yNTIsMi45NzVjNS4zOSww LDEwLjUzNS0xLjA2MywxNS4yNDktMi45NzVjNS4zMDksMy4zNzUsOS4zMTMsOC4zOTIsMTEuNDU1 LDE0LjIwMUgyMS40MjJ6Ii8 + DQo8L2c + DQo8Zz4NCjwvZz4NCjxnPg0KPC9nPg0KPGc + DQo8L2c + DQo8Zz4NCjwvZz4NCjxnPg0KPC9nPg0KPGc + DQo8L2c + DQo8Zz4NCjwvZz4NCjxnPg0KPC9nPg0K PGc + DQo8L2c + DQo8Zz4NCjwvZz4NCjxnPg0KPC9nPg0KPGc + DQo8L2c + DQo8Zz4NCjwvZz4NCjxn Pg0KPC9nPg0KPGc + DQo8L2c + DQo8L3N2Zz4NCg = =",
    "CS 6740 Network Security",
    1730,
    "Lorem Ipsum is simply dummy text of the printing and typesetting industry",
    22);


/*Insert into f_creates_c*/
INSERT
INTO
    `trainly`.`f_creates_c`(
        F_id,
        C_id,
        date_of_creation
    )
    VALUES
    (1, 2,"2017-11-28"),
    (2, 1,"2017-11-21"),
    (11, 3,"2017-11-22"),
    (4, 5,"2017-11-23"),
    (7, 6,"2017-11-24"),
    (8, 10,"2017-11-25"),
    (5, 9,"2017-11-26"),
    (3, 4,"2017-11-27"),
    (9, 7,"2017-11-28"),
    (10, 8,"2017-11-29");

/*Insert into Enrolls*/
INSERT INTO`trainly`.`enrolls`(
    S_id,
    C_id,
    Is_Interested,
    Enroll_date,
    Completion_date,
    Payment_code,
    Ratings,
    Comment)
    VALUES
    (1, 1, 1, "2017-11-22","2017-12-28",7965, 3.1, "Lorem Ipsum"),
    (1, 2, 1, "2017-11-24",NULL, 1234,'',NULL),
    (1, 3, 1, "2017-11-23",NULL, 1235,'',NULL),
    (1, 4, 1, "2017-11-22",NULL, 1236,'',NULL),

    (2, 5, 1, "2017-11-23",NULL,6992,'',NULL),

    (3, 1, 1 ,"2018-11-27", NULL, 1243, '', NULL),
    (3, 2, 1 ,"2018-11-27", NULL, 1244, '', NULL),
    (3, 7, 1, "2017-11-22","2017-12-27",2487,4.1,"Lorem Ipsum"),

    (4, 2, 1, "2017-11-22",NULL,6670,'',NULL),
    (4, 1 ,1,"2018-11-27", NULL, 1252, '', NULL),

    (5, 4, 1, "2017-11-22",NULL,2523,'',NULL),
    (6, 3, 1, "2017-11-22",NULL,5234,'',NULL),
    (7, 6, 1, "2017-11-22",NULL,7266,'',NULL),
    (8, 8, 1, "2017-11-22",NULL,4269,'',NULL),
    (9, 10, 1, "2017-11-22",NULL,8470,'',NULL),
    (10, 9, 1, "2017-11-22","2017-12-31",3400,4.5,"Lorem Ipsum");

/*Topic*/
INSERT INTO `trainly`.`topic`(T_id,name_of_topic)
VALUES
(1,"Topic 1"),
(2,"Topic 2"),
(3,"Topic 3"),
(4,"Topic 4"),
(5,"Topic 5"),
(6,"Topic 6"),
(7,"Topic 7"),
(8,"Topic 8"),
(9,"Topic 9"),
(10,"Topic 10"),
(11,"Topic 11"),
(12,"Topic 12"),
(13,"Topic 13"),
(14,"Topic 14"),
(15,"Topic 15"),
(16,"Topic 16"),
(17,"Topic 17"),
(18,"Topic 18"),
(19,"Topic 19"),
(20,"Topic 20"),
(21,"Topic 21"),
(22,"Topic 22");

/*Secondary topics*/
INSERT INTO `trainly`.`secondary_topic`(C_id, T_id, name_topic)
VALUES
/*Course 1 has 2,3,4 as secondary topics*/
(1,2, "Topic 2"),
(1,3, "Topic 3"),
(1,4, "Topic 4"),

/*Course 2 has 6 as secondary topics*/
(2,6, "Topic 6"),

/*Course 3 has NO secondary topics*/
/*Course 4 has 8 as secondary topics*/
(4,9, "Topic 9"),

/*Course 5 has 9 as secondary topics*/
(5,10, "Topic 10"),

/*Course 6 has 12,13 as secondary topics*/
(6,12, "Topic 12"),
(6,13, "Topic 13"),

/*Course 7 has 15,16 as secondary topics*/
(7,15, "Topic 15"),
(7,16, "Topic 16"),

/*Course 8 has 18 as secondary topics*/
(8,18, "Topic 18"),

/*Course 9 has NO secondary topics*/
/*Course 10 has 20 as secondary topics*/
(10, 20, "Topic 20");

/*Insert data into Course_material*/
/*TODO: We can also set a default value like chapter XX <AUTOINCREMENT> of COURSE_ID<FROM ANOTHER COLUMN>*/
/**https://stackoverflow.com/questions/13249936/add-a-column-to-a-table-with-a-default-value-equal-to-the-value-of-an-existing-c*/

/*
This is for standardization of number of chapters in a course. The key will be courseID and the value will be the sequential list of
course materials that a student must do for the course to complete
private HashMap<Integer,LinkedList<Integer>> courseId_CourseMaterial = new HashMap<>();
/*1,{1,2,3}*/
/*2,{1,2,3,4,5,6,7}*/
/*3,{1,2}*/
/*4,{1,2,3,4}*/
/*5,{1,2}*/
/*6,{1,2,3}*/
/*7,{1,2,3,4}*/
/*8,{1,2}*/
/*9,{1,2,3,4,5,6,7,8,9,10,11,12}*/
/*10,{1,2,3,4,5}*/
INSERT INTO `trainly`.`course_material`
(`course_id` , `course_material_id`,`name`, `created_by_faculty`, `typeid`)
VALUES

/*Course 1 has 3 materials*/
/*1,{1,2,3}*/
(1, 1, 'Chapter 1 of course 1', 2, 1),
(1, 2, 'Chapter 2 of course 1', 2, 1),
(1, 3, 'Chapter 3 of course 1', 2, 1),

/*Course 2 has 7 materials
2,{1,2,3,4,5,6,7}*/
(2, 1, 'Chapter 1 of course 2', 1, 1),
(2, 2, 'Chapter 2 of course 2', 1, 1),
(2, 3, 'Chapter 3 of course 2', 1, 1),
(2, 4, 'Chapter 4 of course 2', 1, 1),
(2, 5, 'Chapter 5 of course 2', 1, 1),
(2, 6, 'Chapter 6 of course 2', 1, 1),
(2, 7, 'Chapter 7 of course 2', 1, 1),

/*Course 3 has 4 materials
3,{1,2}*/
(3, 1,'Chapter 1 of course 3', 11, 2),
(3, 2,'Chapter 2 of course 3', 11, 2),

/*Course 4 has 4 materials
4,{1,2,3,4}*/
(4, 1, 'Chapter 1 of course 4', 3, 2),
(4, 2, 'Chapter 2 of course 4', 3, 2),
(4, 3, 'Chapter 3 of course 4', 3, 2),
(4, 4, 'Chapter 4 of course 4', 3, 2),


/*Course 5 has 2 materials
5,{1,2}*/
(5, 1, 'Chapter 1 of course 5', 4, 2),
(5, 2, 'Chapter 2 of course 5', 4, 2),

/*Course 6 has 3 materials
6,{1,2,3}*/
(6, 1, 'Chapter 1 of course 6', 7, 2),
(6, 2, 'Chapter 2 of course 6', 7, 2),
(6, 3, 'Chapter 3 of course 6', 7, 2),

/*Course 7 has 4 materials
7,{1,2,3,4}*/
(7, 1, 'Chapter 1 of course 7', 9, 3),
(7, 2, 'Chapter 2 of course 7', 9, 3),
(7, 3, 'Chapter 3 of course 7', 9, 3),
(7, 4, 'Chapter 4 of course 7', 9, 3),

/*Course 8 has 2 materials
8,{1,2}*/
(8, 1, 'Chapter 1 of course 8', 10, 3),
(8, 2, 'Chapter 2 of course 8', 10, 3),

/*Course 9 has 2 materials
/*9,{1,2,3,4,5,6,7,8,9,10,11,12}*/
(9, 1, 'Chapter 1 of course 9', 5, 3),
(9, 2, 'Chapter 2 of course 9', 5, 3),
(9, 3, 'Chapter 3 of course 9', 5, 4),
(9, 4, 'Chapter 4 of course 9', 5, 4),
(9, 5, 'Chapter 5 of course 9', 5, 4),
(9, 6, 'Chapter 6 of course 9', 5, 4),
(9, 7, 'Chapter 7 of course 9', 5, 4),
(9, 8, 'Chapter 8 of course 9', 5, 4),
(9, 9, 'Chapter 9 of course 9', 5, 4),
(9, 10, 'Chapter 10 of course 9', 5, 4),
(9, 11, 'Chapter 11 of course 9', 5, 4),
(9, 12, 'Chapter 12 of course 9', 5, 4),

/*Course 10 has 5 materials
10,{1,2,3,4,5}*/
(10, 1, 'Chapter 1 of course 10', 8, 3),
(10, 2, 'Chapter 2 of course 10', 8, 3),
(10, 3, 'Chapter 3 of course 10', 8, 3),
(10, 4, 'Chapter 4 of course 10', 8, 3),
(10, 5, 'Chapter 5 of course 10', 8, 3);



/*1,{1,2,3}*/
/*2,{1,2,3,4,5,6,7}*/
INSERT INTO `trainly`.`file`
(`file_course_id`,`file_course_material_id`, `type`, `size`, `path`, `typeid`)
VALUES
(1, 1, "jpeg","10mb","fakePath\appenedFakePath1",1),
(1, 2, "mp4","12mb","fakePath\appenedFakePath2",1),
(1, 3, "mp4","12mb","fakePath\appenedFakePath2",1),
(2, 1, "mp3","13mb","fakePath\appenedFakePath3",1),
(2, 2 , "mp4","14mb","fakePath\appenedFakePath3",1),
(2, 3, "jpeg","15mb","fakePath\appenedFakePath3",1),
(2, 4, "mp4","16mb","fakePath\appenedFakePath3",1),
(2, 5, "3gp","17mb","fakePath\appenedFakePath3",1),
(2, 6, "mp4","18mb","fakePath\appenedFakePath3",1),
(2, 7, "mp3","19mb","fakePath\appenedFakePath3",1);

/*3,{1,2}*/
/*4,{1,2,3,4}*/
/*5,{1,2}*/
/*6,{1,2,3}*/
INSERT INTO `trainly`.`link`
(`link_course_id`, `link_course_material_id`, `url`, `video`, `typeid`)
VALUES
(3, 1, "http://www.trainly.io/video1",1,2),
(3, 2, "http://www.trainly.io/video2",1,2),
(4, 1, "http://www.trainly.io/abdkawd",0,2),
(4, 2, "http://www.trainly.io/video0",1,2),
(4, 3, "http://www.trainly.io/akwndakaa1",0,2),
(4, 4, "http://www.trainly.io/video10",1,2),
(5, 1,"http://www.trainly.io/video3",1,2),
(5, 2, "http://www.trainly.io/video4",1,2),
(6, 1, "http://www.trainly.io/wkjehdoi",0,2),
(6, 2, "http://www.trainly.io/kjnk",0,2),
(6, 3, "http://www.trainly.io/kj11nk",0,2);


/*7,{1,2,3,4}*/
/*8,{1,2}*/
/*9,{1,2}*/
/*10,{1,2,3,4,5}*/
INSERT INTO `trainly`.`post` (`post_course_id`, `post_course_material_id`, `text`, `typeid`)
VALUES
(7, 1, "lorem ipsum 1",3),
(7, 2, "lorem ipsum 2",3),
(7, 3, "lorem ipsum 3",3),
(7, 4, "lorem ipsum 4",3),
(8, 1, "lorem ipsum 5",3),
(8, 2, "lorem ipsum 6",3),
(9, 1, "lorem ipsum 7",3),
(9, 2, "lorem ipsum 8",3),
(10, 1, "lorem ipsum 9",3),
(10, 2, "lorem ipsum 110",3),
(10, 3, "lorem ipsum 120",3),
(10, 4, "lorem ipsum 1304",3),
(10, 5, "lorem ipsum 10342",3);



INSERT INTO `trainly`.`quiz`
(`quiz_course_id`, `quiz_course_material_id`, `passing_score`, `sequence`,`typeid`)
VALUES
(1, 1, 39,129, 4),
(1, 2, 39,129, 4),
(2, 1, 39,129, 4),
(2, 2, 39,129, 4),
(3, 1, 39,129, 4),
(3, 2, 39,129, 4),
(4, 1, 39,129, 4),
(4, 2, 39,129, 4),
(5, 1, 39,129, 4),
(5, 2, 39,129, 4),
(6, 1, 39,129, 4),
(6, 2, 39,129, 4),
(7, 1, 39,129, 4),
(7, 2, 34,132, 4),
(8, 1, 33,134, 4),
(8, 2, 50,135, 4),
(9, 3, 33,123, 4),
(9, 4, 34,124, 4),
(9, 5, 35,125, 4),
(9, 6, 36,126, 4),
(9, 7, 37,127, 4),
(9, 8, 38,128, 4);


/*
Quiz questions are sequence of questions
A quiz comprises a minimum passing score,
and a sequence of multiple-choice questions.
Each question has a number (1, 2, 3, . . . ), a text, and a set
of answers (each with a text, feedback upon submission, and indication of correct or not).
*/
INSERT INTO `trainly`.`quiz_questions` (`question_number`, `feedback`, `text`, `cid_fk`, `cmid_fk`, `sid`)
VALUES
(NULL ,"Lorem Ipsum Feedback 3 on CM/Quiz 3 of Course 9 asked by student 10", "Lorem Ipsum Text 3", 1, 1, 10),
(NULL ,"Lorem Ipsum Feedback 3 on CM/Quiz 3 of Course 9 asked by student 10", "Lorem Ipsum Text 3", 1, 2, 10),

(NULL ,"Lorem Ipsum Feedback 3 on CM/Quiz 3 of Course 9 asked by student 10", "Lorem Ipsum Text 3", 2, 1, 10),
(NULL ,"Lorem Ipsum Feedback 3 on CM/Quiz 3 of Course 9 asked by student 10", "Lorem Ipsum Text 3", 2, 2, 10),

(NULL ,"Lorem Ipsum Feedback 3 on CM/Quiz 3 of Course 9 asked by student 10", "Lorem Ipsum Text 3", 3, 1, 10),
(NULL ,"Lorem Ipsum Feedback 3 on CM/Quiz 3 of Course 9 asked by student 10", "Lorem Ipsum Text 3", 3, 2, 10),

(NULL ,"Lorem Ipsum Feedback 3 on CM/Quiz 3 of Course 9 asked by student 10", "Lorem Ipsum Text 3", 4, 1, 10),
(NULL ,"Lorem Ipsum Feedback 3 on CM/Quiz 3 of Course 9 asked by student 10", "Lorem Ipsum Text 3", 4, 2, 10),

(NULL ,"Lorem Ipsum Feedback 3 on CM/Quiz 3 of Course 9 asked by student 10", "Lorem Ipsum Text 3", 5, 1, 10),
(NULL ,"Lorem Ipsum Feedback 3 on CM/Quiz 3 of Course 9 asked by student 10", "Lorem Ipsum Text 3", 5, 2, 10),

(NULL ,"Lorem Ipsum Feedback 3 on CM/Quiz 3 of Course 9 asked by student 10", "Lorem Ipsum Text 3", 6, 1, 10),
(NULL ,"Lorem Ipsum Feedback 3 on CM/Quiz 3 of Course 9 asked by student 10", "Lorem Ipsum Text 3", 6, 2, 10),

(NULL ,"Lorem Ipsum Feedback 3 on CM/Quiz 3 of Course 9 asked by student 10", "Lorem Ipsum Text 3", 7, 1, 10),
(NULL ,"Lorem Ipsum Feedback 3 on CM/Quiz 3 of Course 9 asked by student 10", "Lorem Ipsum Text 3", 7, 2, 10),

(NULL ,"Lorem Ipsum Feedback 1 on CM/Quiz 3 of Course 9 asked by student 10", "Lorem Ipsum Text 1", 9, 3, 10),
(NULL ,"Lorem Ipsum Feedback 2 on CM/Quiz 3 of Course 9 asked by student 10", "Lorem Ipsum Text 2", 9, 3, 10),
(NULL ,"Lorem Ipsum Feedback 3 on CM/Quiz 3 of Course 9 asked by student 10", "Lorem Ipsum Text 3", 9, 3, 10),

(NULL ,"Lorem Ipsum Feedback 1 on CM/Quiz 4 of Course 9 asked by student 10", "Lorem Ipsum Text 3141", 9, 4, 10),
(NULL ,"Lorem Ipsum Feedback 2 on CM/Quiz 4 of Course 9 asked by student 10", "Lorem Ipsum Text 3141", 9, 4, 10),
(NULL ,"Lorem Ipsum Feedback 3 on CM/Quiz 4 of Course 9 asked by student 10", "Lorem Ipsum Text 3141", 9, 4, 10),
(NULL ,"Lorem Ipsum Feedback 4 on CM/Quiz 4 of Course 9 asked by student 10", "Lorem Ipsum Text 3141", 9, 4, 10),

(NULL ,"Lorem Ipsum Feedback 1 on CM/Quiz 5 of Course 9 asked by student 10", "Lorem Ipsum Text 4141", 9, 5, 10),

(NULL ,"Lorem Ipsum Feedback 1 on CM/Quiz 6 of Course 9 asked by student 10", NULL, 9, 6, NULL),
(NULL ,"Lorem Ipsum Feedback 1 on CM/Quiz 7 of Course 9 asked by student 10", NULL, 9, 6, NULL),
(NULL ,"Lorem Ipsum Feedback 1 on CM/Quiz 8 of Course 9 asked by student 10", NULL, 9, 6, NULL),
(NULL ,"Lorem Ipsum Feedback 1 on CM/Quiz 9 of Course 9 asked by student 10", "Lorem Ipsum Text 8131", 8, 1, 10),
(NULL ,"Lorem Ipsum Feedback 1 on CM/Quiz 10 of Course 9 asked by student 10", "Lorem Ipsum Text 9131", 8, 2, 10);


/*A question can have a set of answers*/
INSERT INTO `trainly`.`quiz_question_answers`(`text`, `correct`, `question_num`,`answer_number`)
VALUES
("Lorem Ipsum Text answer 1", 1, 1, 1),
("Lorem Ipsum Text answer 1", 1, 1, 2),
("Lorem Ipsum Text answer 1", 1, 1, 3),
("Lorem Ipsum Text answer 1", 1, 1, 4),
("Lorem Ipsum Text answer 2", 0, 2, 1),
("Lorem Ipsum Text answer 3", 0, 3, 1),
("Lorem Ipsum Text answer 4", 1, 4, 1),
("Lorem Ipsum Text answer 5", 0, 5, 1),
("Lorem Ipsum Text answer 6", 1, 8, 1),
("Lorem Ipsum Text answer 7", 0, 9, 1),
("Lorem Ipsum Text answer 8", 1, 10, 1),
("Lorem Ipsum Text answer 8", 1, 11, 2),
("Lorem Ipsum Text answer 8", 1, 12, 2),
("Lorem Ipsum Text answer 8", 1, 13, 2),
("Lorem Ipsum Text answer 8", 1, 14, 2),
("Lorem Ipsum Text answer 8", 1, 15, 2),
("Lorem Ipsum Text answer 8", 1, 16, 2),
("Lorem Ipsum Text answer 9", 1, 17, 3),
("Lorem Ipsum Text answer 8", 1, 18, 2),
("Lorem Ipsum Text answer 8", 1, 19, 2),
("Lorem Ipsum Text answer 8", 1, 20, 2),
("Lorem Ipsum Text answer 8", 1, 21, 2),
("Lorem Ipsum Text answer 8", 1, 22, 2),
("Lorem Ipsum Text answer 8", 1, 23, 2),
("Lorem Ipsum Text answer 8", 1, 24, 2),
("Lorem Ipsum Text answer 8", 1, 25, 2),
("Lorem Ipsum Text answer 8", 1, 26, 2),
("Lorem Ipsum Text answer 8", 1, 27, 2);





/*Students can ask questions to faculty. The faculty can make the question public*/
INSERT INTO `trainly`.`question` (`visibility`, `rating`, `answer_to_question`, `question_id`)
VALUES
('1', '3.8', 'Lorem Ipsum Answer 1', NULL),
('1', '4.5', 'Lorem Ipsum Answer 2', NULL),
('1', '4.4', 'Lorem Ipsum Answer 3', NULL),
('0', '1.2', 'Lorem Ipsum Answer 4', NULL),
('0', '1.3', 'Lorem Ipsum Answer 5', NULL),
('0', '2.1', 'Lorem Ipsum Answer 6', NULL),
('0', '1.2', 'Lorem Ipsum Answer 7', NULL),
('0', '1.1', 'Lorem Ipsum Answer 8', NULL),
('1', '4.3', 'Lorem Ipsum Answer 9', NULL),
('1', '4.1', 'Lorem Ipsum Answer 10', NULL),
('0', '1.1', 'Lorem Ipsum Answer 11', NULL),
('0', '2.1', 'Lorem Ipsum Answer 12', NULL),
('1', '1.9', 'Lorem Ipsum Answer 13', NULL),
('0', '3.6', 'Lorem Ipsum Answer 14', NULL),
('1', '2.8', 'Lorem Ipsum Answer 15', NULL),
('1', '3.4', 'Lorem Ipsum Answer 16', NULL),
('1', '2.1', 'Lorem Ipsum Answer 17', NULL),
('0', '1.7', 'Lorem Ipsum Answer 18', NULL),
('0', '4.9', 'Lorem Ipsum Answer 19', NULL),
('0', '3.0', 'Lorem Ipsum Answer 20', NULL),
('0', '2.0', 'Lorem Ipsum Answer 21', NULL),
('1', '1.5', 'Lorem Ipsum Answer 22', NULL),
('1', '1.1', 'Lorem Ipsum Answer 23', NULL),
('1', '1.1', 'Lorem Ipsum Answer 24', NULL),
('0', '4.3', 'Lorem Ipsum Answer 25', NULL),
('0', '2.7', 'Lorem Ipsum Answer 26', NULL),
('1', '2.6', 'Lorem Ipsum Answer 27', NULL);


/*
MN relation between course material and question
The tracking of the student who asked the question and the faculty to whom the question is addressed to.
*/
INSERT into `trainly`.`course_material_question_relation`
(`cid_fk`, `material_id_relation`, `student_id`, `faculty_id`, `question_id_relation`)
VALUES
(1, 1, 1, 2, 10),
(2, 1, 4, 1, 11),
(3, 1, 6, 11, 2),
(4, 1, 1, 3, 3),
(5, 1, 2, 4, 4),
(6, 1, 7, 7, 5),
(7, 1, 3, 9, 6),
(8, 1, 8, 10, 7),
(9, 1, 10, 5, 8),
(10, 1, 9, 8, 9);


/*Student completes a course material
Student 1 has enrolled in course 1,2,3,4 and completed course 1
1,{1,2,3}

Student 2 has enrolled in course 5 and completed NONE
2,{1,2,3,4,5,6,7}

Student 3 has enrolled in course 1,2,7 and completed 7
3,{1,2}

Student 4 has enrolled in course 1,2 and completed NONE
4,{1,2,3,4}

Student 5 has enrolled in course 4 and completed NONE
5,{1,2}

Student 6 has enrolled in course 3 and completed NONE
6,{1,2,3}

Student 7 has enrolled in course 6 and completed NONE
7,{1,2,3,4}

Student 8 has enrolled in course 8 and completed NONE
8,{1,2}

Student 9 has enrolled in course 10 and completed NONE
9,{1,2,3,4,5,6,7,8,9,10,11,12}

Student 10 has enrolled in course 9 and completed 9
10,{1,2,3,4,5}
*/

INSERT INTO `trainly`.`student_completes_course_material`
(`student_id`, `c_id`, `course_material_id`, `completed`, `Completion_date_time_each_material`)
VALUES
(1, 1, 1, 1, "2017-11-25"),
(1, 1, 2, 1, "2017-12-22"),
(1, 1, 3, 1, "2017-12-23"),

(1, 2, 1, 0, NULL),
(1, 2, 2, 0, NULL),
(1, 2, 3, 0, NULL),
(1, 2, 4, 0, NULL),
(1, 2, 5, 0, NULL),
(1, 2, 6, 0, NULL),
(1, 2, 7, 0, NULL),

(1, 3, 1, 0, NULL),
(1, 3, 2, 0, NULL),

(1, 4, 1, 0, NULL),
(1, 4, 2, 0, NULL),
(1, 4, 3, 0, NULL),
(1, 4, 4, 0, NULL),

(2, 5, 1, 0, NULL),
(2, 5, 2, 0, NULL),

(3, 1, 1, 0, NULL),
(3, 1, 2, 0, NULL),
(3, 1, 3, 0, NULL),

(3, 2, 1, 0, NULL),
(3, 2, 2, 0, NULL),
(3, 2, 3, 0, NULL),
(3, 2, 4, 0, NULL),
(3, 2, 5, 0, NULL),
(3, 2, 6, 0, NULL),
(3, 2, 7, 0, NULL),

(3, 7, 1, 1, "2017-11-27"),
(3, 7, 2, 1, "2017-11-27"),
(3, 7, 3, 1, "2017-11-28"),
(3, 7, 4, 1, "2017-12-27"),

(4, 1, 1, 0, NULL),
(4, 1, 2, 0, NULL),
(4, 1, 3, 0, NULL),

(4, 2, 1, 0, NULL),
(4, 2, 2, 0, NULL),
(4, 2, 3, 0, NULL),
(4, 2, 4, 0, NULL),
(4, 2, 5, 0, NULL),
(4, 2, 6, 0, NULL),
(4, 2, 7, 0, NULL),

(5, 4, 1, 0, NULL),
(5, 4, 2, 0, NULL),
(5, 4, 3, 0, NULL),
(5, 4, 4, 0, NULL),

(6, 3, 1, 0, NULL),
(6, 3, 2, 0, NULL),

(7, 6, 1, 0, NULL),
(7, 6, 2, 0, NULL),
(7, 6, 3, 0, NULL),

(8, 8, 1, 0, NULL),
(8, 8, 2, 0, NULL),

(9, 10, 1, 0, NULL),
(9, 10, 2, 0, NULL),
(9, 10, 3, 0, NULL),
(9, 10, 4, 0, NULL),
(9, 10, 5, 0, NULL),

(10, 9, 1, 1, "2017-11-23"),
(10, 9, 2, 1, "2017-11-23"),
(10, 9, 3, 1, "2017-11-24"),
(10, 9, 4, 1, "2017-11-25"),
(10, 9, 5, 1, "2017-11-26"),
(10, 9, 6, 1, "2017-11-27"),
(10, 9, 7, 1, "2017-11-28"),
(10, 9, 8, 1, "2017-12-20"),
(10, 9, 9, 1, "2017-12-20"),
(10, 9, 10, 1, "2017-12-21"),
(10, 9, 11, 1, "2017-12-22"),
(10, 9, 12, 1, "2017-12-31");


INSERT INTO `trainly`.`playlist` (`name_playlist`, `created_by_student`)
VALUES
("Playlist by me on Course-CM 1.1 1.2", 1),
("My nice Playlist of Course-CM 3.1 5.1", 1),
("My awesome Playlist of Course-CM 2.1 2.2", 2),
("My PlaylistAAA of Course-CM 6.1 6.2", 3),
("My PlaylistXYZ of Course-CM 8.1 8.2", 4),
("PlaylistABC of Course-CM 9.1 9.2 9.3 9.4", 5),
("plylst of Course-CM 1.3 6.1", 6),
("playlist of Course-CM 6.2 6.3", 7),
("Important Playlist of Course-CM 3.1 3.2", 7),
("Cool Playlist of Course-CM 5.1 5.2", 8),
("Playlist of Course-CM 10.1 10.2", 9);


INSERT INTO `trainly`.`playlist_has_course_materials` (`playlist_name_fk`, `cid_fk`, `course_material_id_fk`, `order_materials`) VALUES
('Playlist by me on Course-CM 1.1 1.2', 1, 1, 1),
('Playlist by me on Course-CM 1.1 1.2', 1, 2, 2),
('plylst of Course-CM 1.3 6.1', 1, 3, 1),
('My awesome Playlist of Course-CM 2.1 2.2', 2, 1, 1),
('My awesome Playlist of Course-CM 2.1 2.2', 2, 2, 2),
('Important Playlist of Course-CM 3.1 3.2', 3, 1, 1),
('My nice Playlist of Course-CM 3.1 5.1', 3, 1, 2),
('Important Playlist of Course-CM 3.1 3.2', 3, 2, 2),
('Cool Playlist of Course-CM 5.1 5.2', 5, 1, 2),
('My nice Playlist of Course-CM 3.1 5.1', 5, 1, 1),
('Cool Playlist of Course-CM 5.1 5.2', 5, 2, 1),
('My PlaylistAAA of Course-CM 6.1 6.2', 6, 1, 1),
('plylst of Course-CM 1.3 6.1', 6, 1, 2),
('My PlaylistAAA of Course-CM 6.1 6.2', 6, 2, 2),
('playlist of Course-CM 6.2 6.3', 6, 2, 1),
('playlist of Course-CM 6.2 6.3', 6, 3, 2),
('My PlaylistXYZ of Course-CM 8.1 8.2', 8, 1, 2),
('My PlaylistXYZ of Course-CM 8.1 8.2', 8, 2, 1),
('PlaylistABC of Course-CM 9.1 9.2 9.3 9.4', 9, 1, 4),
('PlaylistABC of Course-CM 9.1 9.2 9.3 9.4', 9, 2, 1),
('PlaylistABC of Course-CM 9.1 9.2 9.3 9.4', 9, 3, 2),
('PlaylistABC of Course-CM 9.1 9.2 9.3 9.4', 9, 4, 3),
('Playlist of Course-CM 10.1 10.2', 10, 1, 1),
('Playlist of Course-CM 10.1 10.2', 10, 2, 2);